{
    "x":0,
    "type":"View",
    "selectedBox":176,
    "selecteID":179,
    "searchKey":"View",
    "props":{"width":750,"height":1334},
    "nodeParent":-1,
    "maxID":193,
    "loadList3D":[
        ],
    "loadList":[
        "ad/bg.png",
        "ui/common/home/fail.png",
        "ui/common/home/goldBg.png",
        "ui/common/home/icon_gold.png",
        "ui/common/home/clip_1_9.png",
        "ad/new_export/box_zijixiang.png",
        "ad/new_export/inside_box.png",
        "eff/chuizi.ani",
        "eff/liewen.ani",
        "ui/common/home/text_again.png",
        "ui/common/home/btn_shangdian.png",
        "ui/common/home/btn_tishi.png"],
    "label":"View",
    "isOpen":true,
    "isDirectory":true,
    "isAniNode":true,
    "hasChild":true,
    "compId":2,
    "child":[
        {
            "x":15,
            "type":"Image",
            "searchKey":"Image,fullUI",
            "props":{"y":0,"x":0,"width":750,"skin":"ad/bg.png","name":"fullUI","height":1334,"alpha":1},
            "nodeParent":2,
            "label":"fullUI",
            "isDirectory":false,
            "isAniNode":true,
            "hasChild":false,
            "compId":47,
            "child":[
                ]
        },
        {
            "x":15,
            "type":"Box",
            "searchKey":"Box,topUI",
            "props":{"y":30,"x":0,"width":750,"name":"topUI"},
            "nodeParent":2,
            "label":"topUI",
            "isOpen":null,
            "isDirectory":true,
            "isAniNode":true,
            "hasChild":true,
            "compId":120,
            "child":[
                {
                    "type":"Image",
                    "searchKey":"Image,title",
                    "props":{"y":71,"x":83,"skin":"ui/common/home/fail.png","name":"title"},
                    "nodeParent":120,
                    "label":"title",
                    "isDirectory":false,
                    "isAniNode":true,
                    "hasChild":false,
                    "compId":111,
                    "child":[
                        ]
                },
                {
                    "type":"Sprite",
                    "searchKey":"Sprite,coinBg",
                    "props":{"y":250,"x":555,"texture":"ui/common/home/goldBg.png","scaleY":1,"scaleX":1,"name":"coinBg"},
                    "nodeParent":120,
                    "label":"coinBg",
                    "isDirectory":true,
                    "isAniNode":true,
                    "hasChild":true,
                    "compId":136,
                    "child":[
                        {
                            "type":"Image",
                            "searchKey":"Image",
                            "props":{"y":1,"x":0,"skin":"ui/common/home/icon_gold.png"},
                            "nodeParent":136,
                            "label":"Image",
                            "isDirectory":false,
                            "isAniNode":true,
                            "hasChild":false,
                            "compId":175,
                            "child":[
                                ]
                        },
                        {
                            "type":"FontClip",
                            "searchKey":"FontClip,value",
                            "props":{"y":10,"x":70,"width":135,"value":"99999","spaceX":-12,"skin":"ui/common/home/clip_1_9.png","sheet":"0123456789","scaleY":0.7,"scaleX":0.7,"name":"value","align":"center"},
                            "nodeParent":136,
                            "label":"value",
                            "isDirectory":false,
                            "isAniNode":true,
                            "hasChild":false,
                            "compId":11,
                            "child":[
                                ]
                        }]
                }]
        },
        {
            "x":15,
            "type":"Box",
            "searchKey":"Box,middleUI",
            "props":{"y":347,"x":0,"width":750,"name":"middleUI","height":500,"centerY":0,"centerX":0},
            "nodeParent":2,
            "label":"middleUI",
            "isOpen":true,
            "isDirectory":true,
            "isAniNode":true,
            "hasChild":true,
            "compId":122,
            "child":[
                {
                    "x":30,
                    "type":"List",
                    "searchKey":"List,list_showList",
                    "props":{"y":0,"x":54,"width":642,"repeatY":2,"repeatX":2,"name":"list_showList","height":482},
                    "nodeParent":122,
                    "label":"list_showList",
                    "isOpen":true,
                    "isDirectory":true,
                    "isAniNode":true,
                    "hasChild":true,
                    "compId":190,
                    "child":[
                        {
                            "x":45,
                            "type":"Box",
                            "searchKey":"Box",
                            "props":{"renderType":"render"},
                            "nodeParent":190,
                            "label":"Box",
                            "isOpen":true,
                            "isDirectory":true,
                            "isAniNode":false,
                            "hasChild":true,
                            "compId":191,
                            "child":[
                                {
                                    "x":60,
                                    "type":"Image",
                                    "searchKey":"Image,thumb",
                                    "props":{"width":320,"name":"thumb","height":240},
                                    "nodeParent":191,
                                    "label":"thumb",
                                    "isDirectory":false,
                                    "isAniNode":false,
                                    "hasChild":false,
                                    "compId":192,
                                    "child":[
                                        ]
                                }]
                        }]
                }]
        },
        {
            "x":15,
            "type":"Box",
            "searchKey":"Box,bottomUI",
            "props":{"x":135,"width":480,"name":"bottomUI","height":260,"cacheAs":"normal","bottom":0},
            "nodeParent":2,
            "label":"bottomUI",
            "isOpen":true,
            "isDirectory":true,
            "isAniNode":true,
            "hasChild":true,
            "compId":10,
            "child":[
                {
                    "x":30,
                    "type":"Button",
                    "searchKey":"Button,btnSkip",
                    "props":{"y":-123,"x":56,"stateNum":1,"skin":"ui/common/home/text_again.png","scaleY":1,"scaleX":1,"name":"btnSkip"},
                    "nodeParent":10,
                    "label":"btnSkip",
                    "isDirectory":false,
                    "isAniNode":true,
                    "hasChild":false,
                    "compId":49,
                    "child":[
                        ],
                    "$HIDDEN":false
                },
                {
                    "x":30,
                    "type":"Button",
                    "searchKey":"Button,skinBtn",
                    "props":{"y":-111,"x":437,"visible":false,"stateNum":1,"skin":"ui/common/home/btn_shangdian.png","name":"skinBtn"},
                    "nodeParent":10,
                    "label":"skinBtn",
                    "isOpen":true,
                    "isDirectory":true,
                    "isAniNode":true,
                    "hasChild":true,
                    "compId":176,
                    "child":[
                        {
                            "x":45,
                            "type":"Image",
                            "searchKey":"Image",
                            "props":{"y":-27,"x":98},
                            "nodeParent":176,
                            "label":"Image",
                            "isDirectory":false,
                            "isAniNode":true,
                            "hasChild":false,
                            "compId":179,
                            "child":[
                                ]
                        }]
                },
                {
                    "x":30,
                    "type":"Image",
                    "searchKey":"Image,coin",
                    "props":{"y":-135,"x":140,"width":200,"visible":false,"skin":"ui/common/home/goldBg.png","sizeGrid":"12,11,9,27","name":"coin"},
                    "nodeParent":10,
                    "label":"coin",
                    "isOpen":null,
                    "isDirectory":true,
                    "isAniNode":true,
                    "hasChild":true,
                    "compId":132,
                    "child":[
                        {
                            "type":"Image",
                            "searchKey":"Image",
                            "props":{"y":1,"x":0,"skin":"ui/common/home/icon_gold.png"},
                            "nodeParent":132,
                            "label":"Image",
                            "isDirectory":false,
                            "isAniNode":true,
                            "hasChild":false,
                            "compId":133,
                            "child":[
                                ]
                        },
                        {
                            "type":"FontClip",
                            "searchKey":"FontClip,value",
                            "props":{"y":10,"x":55,"width":150,"value":"120","spaceX":-12,"skin":"ui/common/home/clip_1_9.png","sheet":"0123456789","scaleY":0.7,"scaleX":0.7,"name":"value","align":"center"},
                            "nodeParent":132,
                            "label":"value",
                            "isDirectory":false,
                            "isAniNode":true,
                            "hasChild":false,
                            "compId":134,
                            "child":[
                                ]
                        }]
                }]
        },
        {
            "x":15,
            "type":"Script",
            "switchAble":true,
            "source":"src/scripts/stackIOViews/CarIOFailView.ts",
            "searchKey":"Script,CarIOFailView",
            "removeAble":true,
            "props":{"runtime":"scripts/stackIOViews/CarIOFailView.ts"},
            "nodeParent":2,
            "label":"CarIOFailView",
            "isDirectory":false,
            "isAniNode":true,
            "hasChild":false,
            "compId":178,
            "child":[
                ]
        }],
    "animations":[
        {
            "nodes":[
                ],
            "name":"ani1",
            "id":1,
            "frameRate":24,
            "action":0
        }]
}