{
    "x":0,
    "type":"View",
    "selectedBox":41,
    "selecteID":424,
    "searchKey":"View",
    "props":{"width":750,"scaleX":1,"height":1334},
    "nodeParent":-1,
    "maxID":461,
    "loadList3D":[
        ],
    "loadList":[
        "ui/common/home/goldBg.png",
        "ui/common/home/icon_gold.png",
        "ui/common/home/clip_1_9.png",
        "ui/common/game/hit.png",
        "ui/common/game/hit1.png",
        "ui/common/game/hit3.png",
        "ui/common/game/hit2.png",
        "ui/common/game/hit4.png",
        "ui/common/game/btn_renshu.png",
        "ui/common/bg_mask.png",
        "ui/common/game/3.png",
        "ui/common/game/tip.png",
        "ui/common/game/progres_bar_down.png",
        "ui/common/game/img_zhiyin2.png",
        "ui/common/game/upTip.png",
        "ui/common/game/tip1.png",
        "ui/common/game/level2.png",
        "ui/common/game/level3.png",
        "ui/common/game/level4.png",
        "ui/common/game/tip2.png",
        "ui/common/game/tip3.png",
        "ui/common/game/hpValue1.png",
        "ui/common/game/hpvalue21.png",
        "ui/common/game/hpvalue2.png",
        "ui/common/game/hpValue11.png",
        "ui/common/game/direction.png",
        "ui/common/game/dk.png",
        "ui/common/home/btn_pifujiesuo.png",
        "ad/egg_new/tip.png",
        "ui/common/skin/car_01.png",
        "ui/common/game/img_yaogan_down.png",
        "ui/common/game/img_yaogan_up.png",
        "ui/common/game/redTip.png"],
    "label":"View",
    "isOpen":true,
    "isDirectory":true,
    "isAniNode":true,
    "hasChild":true,
    "compId":2,
    "child":[
        {
            "x":15,
            "type":"Box",
            "searchKey":"Box,topUI",
            "props":{"y":0,"x":0,"width":750,"name":"topUI","height":60},
            "nodeParent":2,
            "label":"topUI",
            "isOpen":true,
            "isDirectory":true,
            "isAniNode":true,
            "hasChild":true,
            "compId":3,
            "child":[
                {
                    "x":30,
                    "type":"Sprite",
                    "searchKey":"Sprite,coinBg",
                    "props":{"y":60,"x":555,"visible":false,"texture":"ui/common/home/goldBg.png","scaleY":1,"scaleX":1,"name":"coinBg"},
                    "nodeParent":3,
                    "label":"coinBg",
                    "isOpen":null,
                    "isDirectory":true,
                    "isAniNode":true,
                    "hasChild":true,
                    "compId":303,
                    "child":[
                        {
                            "type":"Image",
                            "searchKey":"Image",
                            "props":{"y":1,"x":0,"skin":"ui/common/home/icon_gold.png"},
                            "nodeParent":303,
                            "label":"Image",
                            "isDirectory":false,
                            "isAniNode":true,
                            "hasChild":false,
                            "compId":175,
                            "child":[
                                ]
                        },
                        {
                            "type":"FontClip",
                            "searchKey":"FontClip,value",
                            "props":{"y":10,"x":70,"width":135,"value":"99999","spaceX":-12,"skin":"ui/common/home/clip_1_9.png","sheet":"0123456789","scaleY":0.7,"scaleX":0.7,"name":"value","align":"center"},
                            "nodeParent":303,
                            "label":"value",
                            "isDirectory":false,
                            "isAniNode":true,
                            "hasChild":false,
                            "compId":11,
                            "child":[
                                ]
                        }]
                },
                {
                    "x":30,
                    "type":"Box",
                    "searchKey":"Box,killTip",
                    "props":{"zOrder":100,"y":132,"x":0,"width":750,"name":"killTip","height":0},
                    "nodeParent":3,
                    "label":"killTip",
                    "isOpen":null,
                    "isDirectory":true,
                    "isAniNode":true,
                    "hasChild":true,
                    "compId":388,
                    "child":[
                        {
                            "type":"Image",
                            "searchKey":"Image,bg1",
                            "props":{"y":43,"x":375,"skin":"ui/common/game/hit.png","pivotY":43,"pivotX":138,"name":"bg1"},
                            "nodeParent":388,
                            "label":"bg1",
                            "isDirectory":true,
                            "isAniNode":true,
                            "hasChild":true,
                            "compId":389,
                            "child":[
                                {
                                    "type":"Image",
                                    "searchKey":"Image",
                                    "props":{"y":9,"x":90,"skin":"ui/common/game/hit1.png"},
                                    "nodeParent":389,
                                    "label":"Image",
                                    "isDirectory":false,
                                    "isAniNode":true,
                                    "hasChild":false,
                                    "compId":390,
                                    "child":[
                                        ]
                                }]
                        },
                        {
                            "type":"Image",
                            "searchKey":"Image,bg2",
                            "props":{"y":43,"x":375,"skin":"ui/common/game/hit.png","pivotY":43,"pivotX":219,"name":"bg2"},
                            "nodeParent":388,
                            "label":"bg2",
                            "isDirectory":true,
                            "isAniNode":true,
                            "hasChild":true,
                            "compId":391,
                            "child":[
                                {
                                    "type":"Image",
                                    "searchKey":"Image",
                                    "props":{"y":9,"x":90,"skin":"ui/common/game/hit3.png"},
                                    "nodeParent":391,
                                    "label":"Image",
                                    "isDirectory":false,
                                    "isAniNode":true,
                                    "hasChild":false,
                                    "compId":392,
                                    "child":[
                                        ]
                                }]
                        },
                        {
                            "type":"Image",
                            "searchKey":"Image,bg3",
                            "props":{"y":43,"x":375,"skin":"ui/common/game/hit.png","pivotY":43,"pivotX":219,"name":"bg3"},
                            "nodeParent":388,
                            "label":"bg3",
                            "isDirectory":true,
                            "isAniNode":true,
                            "hasChild":true,
                            "compId":393,
                            "child":[
                                {
                                    "type":"Image",
                                    "searchKey":"Image",
                                    "props":{"y":9,"x":90,"skin":"ui/common/game/hit2.png"},
                                    "nodeParent":393,
                                    "label":"Image",
                                    "isDirectory":false,
                                    "isAniNode":true,
                                    "hasChild":false,
                                    "compId":394,
                                    "child":[
                                        ]
                                }]
                        },
                        {
                            "type":"Image",
                            "searchKey":"Image,bg4",
                            "props":{"y":43,"x":375,"skin":"ui/common/game/hit.png","pivotY":43,"pivotX":219,"name":"bg4"},
                            "nodeParent":388,
                            "label":"bg4",
                            "isDirectory":true,
                            "isAniNode":true,
                            "hasChild":true,
                            "compId":395,
                            "child":[
                                {
                                    "type":"Image",
                                    "searchKey":"Image",
                                    "props":{"y":9,"x":90,"skin":"ui/common/game/hit4.png"},
                                    "nodeParent":395,
                                    "label":"Image",
                                    "isDirectory":false,
                                    "isAniNode":true,
                                    "hasChild":false,
                                    "compId":396,
                                    "child":[
                                        ]
                                }]
                        }]
                },
                {
                    "x":30,
                    "type":"Box",
                    "searchKey":"Box,leftTip",
                    "props":{"y":134,"width":750,"name":"leftTip","height":0},
                    "nodeParent":3,
                    "label":"leftTip",
                    "isOpen":true,
                    "isDirectory":true,
                    "isAniNode":true,
                    "hasChild":true,
                    "compId":448,
                    "child":[
                        {
                            "x":45,
                            "type":"Image",
                            "searchKey":"Image",
                            "props":{"y":0,"x":628,"skin":"ui/common/game/btn_renshu.png"},
                            "nodeParent":448,
                            "label":"Image",
                            "isDirectory":false,
                            "isAniNode":true,
                            "hasChild":false,
                            "compId":449,
                            "child":[
                                ]
                        },
                        {
                            "x":45,
                            "type":"Text",
                            "searchKey":"Text,leftAi",
                            "props":{"y":18,"x":560,"width":80,"valign":"middle","text":"4","runtime":"laya.display.Text","name":"leftAi","fontSize":50,"font":"Arial","color":"#ffffff","bold":true,"align":"center"},
                            "nodeParent":448,
                            "label":"leftAi",
                            "isDirectory":false,
                            "isAniNode":true,
                            "hasChild":false,
                            "compId":450,
                            "child":[
                                ]
                        }]
                }]
        },
        {
            "x":15,
            "type":"Box",
            "searchKey":"Box,middleUI",
            "props":{"y":612,"x":0,"width":750,"name":"middleUI","height":500},
            "nodeParent":2,
            "label":"middleUI",
            "isOpen":true,
            "isDirectory":true,
            "isAniNode":true,
            "hasChild":true,
            "compId":41,
            "child":[
                {
                    "x":30,
                    "type":"Box",
                    "searchKey":"Box,leftUi",
                    "props":{"y":0,"x":0,"width":750,"name":"leftUi","height":1},
                    "nodeParent":41,
                    "label":"leftUi",
                    "isOpen":false,
                    "isDirectory":true,
                    "isAniNode":true,
                    "hasChild":true,
                    "compId":295,
                    "child":[
                        {
                            "type":"Image",
                            "searchKey":"Image,bg",
                            "props":{"y":-1100,"x":-35,"width":820,"skin":"ui/common/bg_mask.png","name":"bg","height":2200,"alpha":0.6},
                            "nodeParent":295,
                            "label":"bg",
                            "isDirectory":false,
                            "isAniNode":true,
                            "hasChild":false,
                            "compId":224,
                            "child":[
                                ]
                        },
                        {
                            "type":"Image",
                            "searchKey":"Image,number",
                            "props":{"y":-324,"x":282,"skin":"ui/common/game/3.png","name":"number"},
                            "nodeParent":295,
                            "label":"number",
                            "isDirectory":false,
                            "isAniNode":true,
                            "hasChild":false,
                            "compId":225,
                            "child":[
                                ]
                        }],
                    "$HIDDEN":true
                },
                {
                    "x":30,
                    "type":"Box",
                    "searchKey":"Box,startTip",
                    "props":{"y":0,"x":0,"width":750,"name":"startTip","height":1},
                    "nodeParent":41,
                    "label":"startTip",
                    "isOpen":null,
                    "isDirectory":true,
                    "isAniNode":true,
                    "hasChild":true,
                    "compId":346,
                    "child":[
                        {
                            "type":"Image",
                            "searchKey":"Image,moveTip",
                            "props":{"y":294,"x":211,"skin":"ui/common/game/tip.png","name":"moveTip"},
                            "nodeParent":346,
                            "label":"moveTip",
                            "isDirectory":false,
                            "isAniNode":true,
                            "hasChild":false,
                            "compId":251,
                            "child":[
                                ]
                        },
                        {
                            "type":"Image",
                            "searchKey":"Image,bg2",
                            "props":{"y":160,"x":148,"skin":"ui/common/game/progres_bar_down.png","name":"bg2"},
                            "nodeParent":346,
                            "label":"bg2",
                            "isDirectory":true,
                            "isAniNode":true,
                            "hasChild":true,
                            "compId":301,
                            "child":[
                                {
                                    "type":"Image",
                                    "searchKey":"Image,finguer",
                                    "props":{"y":0,"x":208,"skin":"ui/common/game/img_zhiyin2.png","name":"finguer"},
                                    "nodeParent":301,
                                    "label":"finguer",
                                    "isDirectory":false,
                                    "isAniNode":true,
                                    "hasChild":false,
                                    "compId":302,
                                    "child":[
                                        ]
                                }]
                        }],
                    "$HIDDEN":true
                },
                {
                    "x":30,
                    "type":"Box",
                    "searchKey":"Box,levelTip",
                    "props":{"y":10,"x":10,"width":750,"name":"levelTip","height":1},
                    "nodeParent":41,
                    "label":"levelTip",
                    "isOpen":null,
                    "isDirectory":true,
                    "isAniNode":true,
                    "hasChild":true,
                    "compId":402,
                    "child":[
                        {
                            "type":"Image",
                            "searchKey":"Image,tipMove10",
                            "props":{"y":26,"x":375,"skin":"ui/common/game/upTip.png","name":"tipMove10","anchorY":0.5,"anchorX":0.5},
                            "nodeParent":402,
                            "label":"tipMove10",
                            "isDirectory":false,
                            "isAniNode":true,
                            "hasChild":false,
                            "compId":403,
                            "child":[
                                ]
                        },
                        {
                            "type":"Image",
                            "searchKey":"Image,tipMove11",
                            "props":{"y":36,"x":385,"skin":"ui/common/game/upTip.png","name":"tipMove11","anchorY":0.5,"anchorX":0.5},
                            "nodeParent":402,
                            "label":"tipMove11",
                            "isDirectory":false,
                            "isAniNode":true,
                            "hasChild":false,
                            "compId":404,
                            "child":[
                                ]
                        },
                        {
                            "type":"Image",
                            "searchKey":"Image,tipMove12",
                            "props":{"y":46,"x":395,"skin":"ui/common/game/upTip.png","name":"tipMove12","anchorY":0.5,"anchorX":0.5},
                            "nodeParent":402,
                            "label":"tipMove12",
                            "isDirectory":false,
                            "isAniNode":true,
                            "hasChild":false,
                            "compId":405,
                            "child":[
                                ]
                        },
                        {
                            "type":"Image",
                            "searchKey":"Image,tipMove1",
                            "props":{"y":78,"x":375,"skin":"ui/common/game/tip1.png","pivotY":17,"pivotX":100,"name":"tipMove1"},
                            "nodeParent":402,
                            "label":"tipMove1",
                            "isDirectory":true,
                            "isAniNode":true,
                            "hasChild":true,
                            "compId":406,
                            "child":[
                                {
                                    "type":"Image",
                                    "searchKey":"Image,img2",
                                    "props":{"y":3,"x":119,"skin":"ui/common/game/level2.png","name":"img2"},
                                    "nodeParent":406,
                                    "label":"img2",
                                    "isDirectory":false,
                                    "isAniNode":true,
                                    "hasChild":false,
                                    "compId":407,
                                    "child":[
                                        ]
                                }]
                        },
                        {
                            "type":"Image",
                            "searchKey":"Image,tipMove2",
                            "props":{"y":88,"x":385,"skin":"ui/common/game/tip1.png","pivotY":17,"pivotX":100,"name":"tipMove2"},
                            "nodeParent":402,
                            "label":"tipMove2",
                            "isDirectory":true,
                            "isAniNode":true,
                            "hasChild":true,
                            "compId":408,
                            "child":[
                                {
                                    "type":"Image",
                                    "searchKey":"Image,img3",
                                    "props":{"y":3,"x":119,"skin":"ui/common/game/level3.png","name":"img3"},
                                    "nodeParent":408,
                                    "label":"img3",
                                    "isDirectory":false,
                                    "isAniNode":true,
                                    "hasChild":false,
                                    "compId":409,
                                    "child":[
                                        ]
                                }]
                        },
                        {
                            "type":"Image",
                            "searchKey":"Image,tipMove3",
                            "props":{"y":98,"x":395,"skin":"ui/common/game/tip1.png","pivotY":17,"pivotX":100,"name":"tipMove3"},
                            "nodeParent":402,
                            "label":"tipMove3",
                            "isDirectory":true,
                            "isAniNode":true,
                            "hasChild":true,
                            "compId":410,
                            "child":[
                                {
                                    "type":"Image",
                                    "searchKey":"Image,img4",
                                    "props":{"y":3,"x":119,"skin":"ui/common/game/level4.png","name":"img4"},
                                    "nodeParent":410,
                                    "label":"img4",
                                    "isDirectory":false,
                                    "isAniNode":true,
                                    "hasChild":false,
                                    "compId":411,
                                    "child":[
                                        ]
                                }]
                        },
                        {
                            "type":"Image",
                            "searchKey":"Image,tipMove4",
                            "props":{"y":78,"x":380375,"skin":"ui/common/game/tip2.png","pivotY":17,"pivotX":100,"name":"tipMove4"},
                            "nodeParent":402,
                            "label":"tipMove4",
                            "isDirectory":true,
                            "isAniNode":true,
                            "hasChild":true,
                            "compId":412,
                            "child":[
                                {
                                    "type":"Image",
                                    "searchKey":"Image,img2",
                                    "props":{"y":3,"x":119,"skin":"ui/common/game/level2.png","name":"img2"},
                                    "nodeParent":412,
                                    "label":"img2",
                                    "isDirectory":false,
                                    "isAniNode":true,
                                    "hasChild":false,
                                    "compId":413,
                                    "child":[
                                        ]
                                }]
                        },
                        {
                            "type":"Image",
                            "searchKey":"Image,tipMove5",
                            "props":{"y":88,"x":380385,"skin":"ui/common/game/tip2.png","pivotY":17,"pivotX":100,"name":"tipMove5"},
                            "nodeParent":402,
                            "label":"tipMove5",
                            "isDirectory":true,
                            "isAniNode":true,
                            "hasChild":true,
                            "compId":414,
                            "child":[
                                {
                                    "type":"Image",
                                    "searchKey":"Image,img3",
                                    "props":{"y":3,"x":119,"skin":"ui/common/game/level3.png","name":"img3"},
                                    "nodeParent":414,
                                    "label":"img3",
                                    "isDirectory":false,
                                    "isAniNode":true,
                                    "hasChild":false,
                                    "compId":415,
                                    "child":[
                                        ]
                                }]
                        },
                        {
                            "type":"Image",
                            "searchKey":"Image,tipMove6",
                            "props":{"y":98,"x":380395,"skin":"ui/common/game/tip2.png","pivotY":17,"pivotX":100,"name":"tipMove6"},
                            "nodeParent":402,
                            "label":"tipMove6",
                            "isDirectory":true,
                            "isAniNode":true,
                            "hasChild":true,
                            "compId":416,
                            "child":[
                                {
                                    "type":"Image",
                                    "searchKey":"Image,img4",
                                    "props":{"y":3,"x":119,"skin":"ui/common/game/level4.png","name":"img4"},
                                    "nodeParent":416,
                                    "label":"img4",
                                    "isDirectory":false,
                                    "isAniNode":true,
                                    "hasChild":false,
                                    "compId":417,
                                    "child":[
                                        ]
                                }]
                        },
                        {
                            "type":"Image",
                            "searchKey":"Image,tipMove7",
                            "props":{"y":78,"x":380375,"skin":"ui/common/game/tip3.png","pivotY":17,"pivotX":100,"name":"tipMove7"},
                            "nodeParent":402,
                            "label":"tipMove7",
                            "isDirectory":true,
                            "isAniNode":true,
                            "hasChild":true,
                            "compId":418,
                            "child":[
                                {
                                    "type":"Image",
                                    "searchKey":"Image,img2",
                                    "props":{"y":3,"x":119,"skin":"ui/common/game/level2.png","name":"img2"},
                                    "nodeParent":418,
                                    "label":"img2",
                                    "isDirectory":false,
                                    "isAniNode":true,
                                    "hasChild":false,
                                    "compId":419,
                                    "child":[
                                        ]
                                }]
                        },
                        {
                            "type":"Image",
                            "searchKey":"Image,tipMove8",
                            "props":{"y":88,"x":380385,"skin":"ui/common/game/tip3.png","pivotY":17,"pivotX":100,"name":"tipMove8"},
                            "nodeParent":402,
                            "label":"tipMove8",
                            "isDirectory":true,
                            "isAniNode":true,
                            "hasChild":true,
                            "compId":420,
                            "child":[
                                {
                                    "type":"Image",
                                    "searchKey":"Image,img3",
                                    "props":{"y":3,"x":119,"skin":"ui/common/game/level3.png","name":"img3"},
                                    "nodeParent":420,
                                    "label":"img3",
                                    "isDirectory":false,
                                    "isAniNode":true,
                                    "hasChild":false,
                                    "compId":421,
                                    "child":[
                                        ]
                                }]
                        },
                        {
                            "type":"Image",
                            "searchKey":"Image,tipMove9",
                            "props":{"y":98,"x":380395,"skin":"ui/common/game/tip3.png","pivotY":17,"pivotX":100,"name":"tipMove9"},
                            "nodeParent":402,
                            "label":"tipMove9",
                            "isDirectory":true,
                            "isAniNode":true,
                            "hasChild":true,
                            "compId":422,
                            "child":[
                                {
                                    "type":"Image",
                                    "searchKey":"Image,img4",
                                    "props":{"y":3,"x":119,"skin":"ui/common/game/level4.png","name":"img4"},
                                    "nodeParent":422,
                                    "label":"img4",
                                    "isDirectory":false,
                                    "isAniNode":true,
                                    "hasChild":false,
                                    "compId":423,
                                    "child":[
                                        ]
                                }]
                        }],
                    "$HIDDEN":true
                },
                {
                    "x":30,
                    "type":"Box",
                    "searchKey":"Box,hpValueBox",
                    "props":{"y":0,"x":0,"width":750,"name":"hpValueBox","height":1},
                    "nodeParent":41,
                    "label":"hpValueBox",
                    "isOpen":null,
                    "isDirectory":true,
                    "isAniNode":true,
                    "hasChild":true,
                    "compId":431,
                    "child":[
                        {
                            "type":"Image",
                            "searchKey":"Image,hpvalue1",
                            "props":{"y":12,"x":100,"skin":"ui/common/game/hpValue1.png","scaleY":0.8,"scaleX":0.8,"name":"hpvalue1","anchorY":0.5,"anchorX":0.5},
                            "nodeParent":431,
                            "label":"hpvalue1",
                            "isDirectory":true,
                            "isAniNode":true,
                            "hasChild":true,
                            "compId":432,
                            "child":[
                                {
                                    "type":"Image",
                                    "searchKey":"Image,hp",
                                    "props":{"y":2,"x":1,"skin":"ui/common/game/hpvalue21.png","name":"hp"},
                                    "nodeParent":432,
                                    "label":"hp",
                                    "isDirectory":false,
                                    "isAniNode":true,
                                    "hasChild":false,
                                    "compId":433,
                                    "child":[
                                        ]
                                }]
                        },
                        {
                            "type":"Image",
                            "searchKey":"Image,hpvalue2",
                            "props":{"y":22,"x":10,"skin":"ui/common/game/hpvalue2.png","scaleY":0.8,"scaleX":0.8,"name":"hpvalue2","anchorY":0.5,"anchorX":0.5},
                            "nodeParent":431,
                            "label":"hpvalue2",
                            "isDirectory":true,
                            "isAniNode":true,
                            "hasChild":true,
                            "compId":434,
                            "child":[
                                {
                                    "type":"Image",
                                    "searchKey":"Image,hp",
                                    "props":{"y":2,"x":1,"skin":"ui/common/game/hpValue11.png","name":"hp"},
                                    "nodeParent":434,
                                    "label":"hp",
                                    "isDirectory":false,
                                    "isAniNode":true,
                                    "hasChild":false,
                                    "compId":435,
                                    "child":[
                                        ]
                                }]
                        },
                        {
                            "type":"Image",
                            "searchKey":"Image,hpvalue3",
                            "props":{"y":32,"x":20,"skin":"ui/common/game/hpvalue2.png","scaleY":0.8,"scaleX":0.8,"name":"hpvalue3","anchorY":0.5,"anchorX":0.5},
                            "nodeParent":431,
                            "label":"hpvalue3",
                            "isDirectory":true,
                            "isAniNode":true,
                            "hasChild":true,
                            "compId":436,
                            "child":[
                                {
                                    "type":"Image",
                                    "searchKey":"Image,hp",
                                    "props":{"y":2,"x":1,"skin":"ui/common/game/hpValue11.png","name":"hp"},
                                    "nodeParent":436,
                                    "label":"hp",
                                    "isDirectory":false,
                                    "isAniNode":true,
                                    "hasChild":false,
                                    "compId":437,
                                    "child":[
                                        ]
                                }]
                        },
                        {
                            "type":"Image",
                            "searchKey":"Image,hpvalue4",
                            "props":{"y":42,"x":30,"skin":"ui/common/game/hpvalue2.png","scaleY":0.8,"scaleX":0.8,"name":"hpvalue4","anchorY":0.5,"anchorX":0.5},
                            "nodeParent":431,
                            "label":"hpvalue4",
                            "isDirectory":true,
                            "isAniNode":true,
                            "hasChild":true,
                            "compId":438,
                            "child":[
                                {
                                    "type":"Image",
                                    "searchKey":"Image,hp",
                                    "props":{"y":2,"x":1,"skin":"ui/common/game/hpValue11.png","name":"hp"},
                                    "nodeParent":438,
                                    "label":"hp",
                                    "isDirectory":false,
                                    "isAniNode":true,
                                    "hasChild":false,
                                    "compId":439,
                                    "child":[
                                        ]
                                }]
                        },
                        {
                            "type":"Image",
                            "searchKey":"Image,hpvalue5",
                            "props":{"y":52,"x":40,"skin":"ui/common/game/hpvalue2.png","scaleY":0.8,"scaleX":0.8,"name":"hpvalue5","anchorY":0.5,"anchorX":0.5},
                            "nodeParent":431,
                            "label":"hpvalue5",
                            "isDirectory":true,
                            "isAniNode":true,
                            "hasChild":true,
                            "compId":440,
                            "child":[
                                {
                                    "type":"Image",
                                    "searchKey":"Image,hp",
                                    "props":{"y":2,"x":1,"skin":"ui/common/game/hpValue11.png","name":"hp"},
                                    "nodeParent":440,
                                    "label":"hp",
                                    "isDirectory":false,
                                    "isAniNode":true,
                                    "hasChild":false,
                                    "compId":441,
                                    "child":[
                                        ]
                                }]
                        }]
                },
                {
                    "x":30,
                    "type":"Box",
                    "searchKey":"Box,directionBox",
                    "props":{"y":0,"x":0,"name":"directionBox"},
                    "nodeParent":41,
                    "label":"directionBox",
                    "isOpen":null,
                    "isDirectory":true,
                    "isAniNode":true,
                    "hasChild":true,
                    "compId":443,
                    "child":[
                        {
                            "type":"Image",
                            "searchKey":"Image,direction1",
                            "props":{"y":32,"x":30,"skin":"ui/common/game/direction.png","scaleY":2,"scaleX":2,"rotation":0,"name":"direction1","anchorY":0.5,"anchorX":0.5},
                            "nodeParent":443,
                            "label":"direction1",
                            "isDirectory":false,
                            "isAniNode":true,
                            "hasChild":false,
                            "compId":444,
                            "child":[
                                ]
                        },
                        {
                            "type":"Image",
                            "searchKey":"Image,direction2",
                            "props":{"y":42,"x":40,"skin":"ui/common/game/direction.png","scaleY":2,"scaleX":2,"name":"direction2","anchorY":0.5,"anchorX":0.5},
                            "nodeParent":443,
                            "label":"direction2",
                            "isDirectory":false,
                            "isAniNode":true,
                            "hasChild":false,
                            "compId":445,
                            "child":[
                                ]
                        },
                        {
                            "type":"Image",
                            "searchKey":"Image,direction3",
                            "props":{"y":52,"x":50,"skin":"ui/common/game/direction.png","scaleY":2,"scaleX":2,"name":"direction3","anchorY":0.5,"anchorX":0.5},
                            "nodeParent":443,
                            "label":"direction3",
                            "isDirectory":false,
                            "isAniNode":true,
                            "hasChild":false,
                            "compId":446,
                            "child":[
                                ]
                        },
                        {
                            "type":"Image",
                            "searchKey":"Image,direction4",
                            "props":{"y":62,"x":60,"skin":"ui/common/game/direction.png","scaleY":2,"scaleX":2,"name":"direction4","anchorY":0.5,"anchorX":0.5},
                            "nodeParent":443,
                            "label":"direction4",
                            "isDirectory":false,
                            "isAniNode":true,
                            "hasChild":false,
                            "compId":447,
                            "child":[
                                ]
                        }]
                },
                {
                    "x":30,
                    "type":"Box",
                    "searchKey":"Box,rewardPanel",
                    "props":{"y":0,"x":0,"width":750,"name":"rewardPanel","height":725},
                    "nodeParent":41,
                    "label":"rewardPanel",
                    "isOpen":true,
                    "isDirectory":true,
                    "isAniNode":true,
                    "hasChild":true,
                    "compId":424,
                    "child":[
                        {
                            "x":45,
                            "type":"Image",
                            "searchKey":"Image,bg",
                            "props":{"y":-317,"x":58,"skin":"ui/common/game/dk.png","name":"bg"},
                            "nodeParent":424,
                            "label":"bg",
                            "isDirectory":false,
                            "isAniNode":true,
                            "hasChild":false,
                            "compId":425,
                            "child":[
                                ]
                        },
                        {
                            "x":45,
                            "type":"Image",
                            "searchKey":"Image",
                            "props":{"y":188,"x":272,"visible":false,"skin":"ui/common/home/icon_gold.png"},
                            "nodeParent":424,
                            "label":"Image",
                            "isDirectory":false,
                            "isAniNode":true,
                            "hasChild":false,
                            "compId":427,
                            "child":[
                                ]
                        },
                        {
                            "x":45,
                            "type":"FontClip",
                            "searchKey":"FontClip,value",
                            "props":{"y":188,"x":334,"width":135,"visible":false,"value":"99999","spaceX":-12,"skin":"ui/common/home/clip_1_9.png","sheet":"0123456789","scaleY":1,"scaleX":1,"name":"value","align":"center"},
                            "nodeParent":424,
                            "label":"value",
                            "isDirectory":false,
                            "isAniNode":true,
                            "hasChild":false,
                            "compId":428,
                            "child":[
                                ]
                        },
                        {
                            "x":45,
                            "type":"Button",
                            "searchKey":"Button,rewardBtn",
                            "props":{"y":440,"x":375,"width":376,"stateNum":1,"skin":"ui/common/home/btn_pifujiesuo.png","pivotY":84,"pivotX":188,"name":"rewardBtn","height":168},
                            "nodeParent":424,
                            "label":"rewardBtn",
                            "isOpen":null,
                            "isDirectory":true,
                            "isAniNode":true,
                            "hasChild":true,
                            "compId":429,
                            "child":[
                                {
                                    "type":"Script",
                                    "switchAble":true,
                                    "source":"src/compUI/BtnBreath.ts",
                                    "searchKey":"Script,BtnBreath",
                                    "removeAble":true,
                                    "props":{"runtime":"compUI/BtnBreath.ts"},
                                    "nodeParent":429,
                                    "label":"BtnBreath",
                                    "isDirectory":false,
                                    "isAniNode":true,
                                    "hasChild":false,
                                    "compId":455,
                                    "child":[
                                        ]
                                }]
                        },
                        {
                            "x":45,
                            "type":"Text",
                            "searchKey":"Text,killCount",
                            "props":{"y":112,"x":391,"visible":false,"valign":"middle","text":"3","runtime":"laya.display.Text","name":"killCount","fontSize":50,"font":"Arial","color":"#ff0400","bold":true,"align":"center"},
                            "nodeParent":424,
                            "label":"killCount",
                            "isDirectory":false,
                            "isAniNode":true,
                            "hasChild":false,
                            "compId":430,
                            "child":[
                                ]
                        },
                        {
                            "x":45,
                            "type":"Sprite",
                            "searchKey":"Sprite",
                            "props":{"y":330,"x":563,"texture":"ad/egg_new/tip.png","scaleY":0.8,"scaleX":0.8},
                            "nodeParent":424,
                            "label":"Sprite",
                            "isDirectory":false,
                            "isAniNode":true,
                            "hasChild":false,
                            "compId":453,
                            "child":[
                                ]
                        },
                        {
                            "x":45,
                            "type":"Image",
                            "searchKey":"Image,rewardIcon",
                            "props":{"y":-174,"x":217,"skin":"ui/common/skin/car_01.png","scaleY":2.5,"scaleX":2.5,"name":"rewardIcon"},
                            "nodeParent":424,
                            "label":"rewardIcon",
                            "isDirectory":false,
                            "isAniNode":true,
                            "hasChild":false,
                            "compId":454,
                            "child":[
                                ]
                        },
                        {
                            "x":45,
                            "type":"Sprite",
                            "searchKey":"Sprite",
                            "props":{"y":119,"x":241,"width":93,"texture":"ui/common/game/hit.png","pivotY":43,"pivotX":47,"height":86},
                            "nodeParent":424,
                            "label":"Sprite",
                            "isDirectory":false,
                            "isAniNode":true,
                            "hasChild":false,
                            "compId":456,
                            "child":[
                                ]
                        },
                        {
                            "x":45,
                            "type":"Sprite",
                            "searchKey":"Sprite",
                            "props":{"y":119,"x":328.5,"width":93,"texture":"ui/common/game/hit.png","scaleX":-1,"pivotY":43,"pivotX":47,"height":86},
                            "nodeParent":424,
                            "label":"Sprite",
                            "isDirectory":false,
                            "isAniNode":true,
                            "hasChild":false,
                            "compId":457,
                            "child":[
                                ]
                        },
                        {
                            "x":45,
                            "type":"Sprite",
                            "searchKey":"Sprite",
                            "props":{"y":119,"x":423.5,"width":93,"texture":"ui/common/game/hit.png","pivotY":43,"pivotX":47,"height":86},
                            "nodeParent":424,
                            "label":"Sprite",
                            "isDirectory":false,
                            "isAniNode":true,
                            "hasChild":false,
                            "compId":458,
                            "child":[
                                ]
                        },
                        {
                            "x":45,
                            "type":"Sprite",
                            "searchKey":"Sprite",
                            "props":{"y":119,"x":511,"width":93,"texture":"ui/common/game/hit.png","scaleX":-1,"pivotY":43,"pivotX":47,"height":86},
                            "nodeParent":424,
                            "label":"Sprite",
                            "isDirectory":false,
                            "isAniNode":true,
                            "hasChild":false,
                            "compId":459,
                            "child":[
                                ]
                        },
                        {
                            "x":45,
                            "type":"Sprite",
                            "searchKey":"Sprite",
                            "props":{"y":219,"x":373,"width":79,"texture":"ui/common/game/level4.png","scaleY":1.5,"scaleX":1.5,"pivotY":14,"pivotX":40,"height":27},
                            "nodeParent":424,
                            "label":"Sprite",
                            "isDirectory":false,
                            "isAniNode":true,
                            "hasChild":false,
                            "compId":460,
                            "child":[
                                ]
                        }],
                    "$HIDDEN":false
                }]
        },
        {
            "x":15,
            "type":"Box",
            "searchKey":"Box,bottomUI",
            "props":{"x":0,"width":750,"name":"bottomUI","height":0,"bottom":0},
            "nodeParent":2,
            "label":"bottomUI",
            "isDirectory":false,
            "isAniNode":true,
            "hasChild":false,
            "compId":58,
            "child":[
                ]
        },
        {
            "x":15,
            "type":"Script",
            "switchAble":true,
            "source":"src/scripts/stackIOViews/CarIOGGame.ts",
            "searchKey":"Script,CarIOGGame",
            "removeAble":true,
            "props":{"runtime":"scripts/stackIOViews/CarIOGGame.ts"},
            "nodeParent":2,
            "label":"CarIOGGame",
            "isDirectory":false,
            "isAniNode":true,
            "hasChild":false,
            "compId":382,
            "child":[
                ]
        },
        {
            "x":15,
            "type":"Box",
            "searchKey":"Box,touchTip",
            "props":{"visible":false,"name":"touchTip"},
            "nodeParent":2,
            "label":"touchTip",
            "isOpen":true,
            "isDirectory":true,
            "isAniNode":true,
            "hasChild":true,
            "compId":383,
            "child":[
                {
                    "x":30,
                    "type":"Image",
                    "searchKey":"Image,bg",
                    "props":{"y":90,"x":90,"width":180,"skin":"ui/common/game/img_yaogan_down.png","pivotY":90,"pivotX":90,"name":"bg","height":180},
                    "nodeParent":383,
                    "label":"bg",
                    "isDirectory":false,
                    "isAniNode":true,
                    "hasChild":false,
                    "compId":384,
                    "child":[
                        ]
                },
                {
                    "x":30,
                    "type":"Image",
                    "searchKey":"Image,point",
                    "props":{"y":45,"x":45,"width":90,"skin":"ui/common/game/img_yaogan_up.png","pivotY":45,"pivotX":45,"name":"point","height":90},
                    "nodeParent":383,
                    "label":"point",
                    "isDirectory":false,
                    "isAniNode":true,
                    "hasChild":false,
                    "compId":385,
                    "child":[
                        ]
                }],
            "$HIDDEN":true
        },
        {
            "x":15,
            "type":"Image",
            "searchKey":"Image,redTip",
            "props":{"top":0,"skin":"ui/common/game/redTip.png","sizeGrid":"515,244,408,258","right":0,"name":"redTip","left":0,"bottom":0},
            "nodeParent":2,
            "label":"redTip",
            "isDirectory":false,
            "isAniNode":true,
            "hasChild":false,
            "compId":442,
            "child":[
                ],
            "$HIDDEN":false
        }],
    "animations":[
        {
            "nodes":[
                ],
            "name":"ani1",
            "id":1,
            "frameRate":24,
            "action":0
        }]
}