{
    "x":0,
    "type":"View",
    "selectedBox":136,
    "selecteID":174,
    "searchKey":"View",
    "props":{"width":750,"height":1334},
    "nodeParent":-1,
    "maxID":421,
    "loadList3D":[
        ],
    "loadList":[
        "ui/common/home/goldBg.png",
        "ui/common/home/icon_gold.png",
        "ui/common/home/clip_1_9.png",
        "ui/common/btn_vibrate_on.png",
        "ui/common/btn_sound_on.png",
        "ui/common/bg_mask.png",
        "ui/common/home/addTip2.png",
        "ui/common/home/dk1.png",
        "ui/common/home/moveTxt.png",
        "ui/common/home/btn_shangdian.png",
        "ui/common/home/btn_tishi.png",
        "ui/common/home/btn_rank.png",
        "ui/common/home/fingure.png"],
    "label":"View",
    "isOpen":true,
    "isDirectory":true,
    "isAniNode":true,
    "hasChild":true,
    "compId":2,
    "child":[
        {
            "x":15,
            "type":"Box",
            "searchKey":"Box,topUI",
            "props":{"y":20,"x":0,"width":750,"name":"topUI","height":60},
            "nodeParent":2,
            "label":"topUI",
            "isOpen":true,
            "isDirectory":true,
            "isAniNode":true,
            "hasChild":true,
            "compId":24,
            "child":[
                {
                    "x":30,
                    "type":"Sprite",
                    "searchKey":"Sprite,coinBg",
                    "props":{"y":60,"x":555,"texture":"ui/common/home/goldBg.png","scaleY":1,"scaleX":1,"name":"coinBg"},
                    "nodeParent":24,
                    "label":"coinBg",
                    "isOpen":null,
                    "isDirectory":true,
                    "isAniNode":true,
                    "hasChild":true,
                    "compId":109,
                    "child":[
                        {
                            "type":"Image",
                            "searchKey":"Image",
                            "props":{"y":1,"x":0,"skin":"ui/common/home/icon_gold.png"},
                            "nodeParent":109,
                            "label":"Image",
                            "isDirectory":false,
                            "isAniNode":true,
                            "hasChild":false,
                            "compId":175,
                            "child":[
                                ],
                            "$HIDDEN":false
                        },
                        {
                            "type":"FontClip",
                            "searchKey":"FontClip,value",
                            "props":{"y":10,"x":70,"width":135,"value":"99999","spaceX":-12,"skin":"ui/common/home/clip_1_9.png","sheet":"0123456789","scaleY":0.7,"scaleX":0.7,"name":"value","align":"center"},
                            "nodeParent":109,
                            "label":"value",
                            "isDirectory":false,
                            "isAniNode":true,
                            "hasChild":false,
                            "compId":11,
                            "child":[
                                ],
                            "$HIDDEN":false
                        }],
                    "$HIDDEN":false
                },
                {
                    "x":30,
                    "type":"Button",
                    "searchKey":"Button,btnVibrate",
                    "props":{"y":477,"x":-613,"width":92,"visible":false,"stateNum":1,"name":"btnVibrate","height":92},
                    "nodeParent":24,
                    "label":"btnVibrate",
                    "isDirectory":false,
                    "isAniNode":true,
                    "hasChild":false,
                    "compId":69,
                    "child":[
                        ],
                    "$HIDDEN":false
                },
                {
                    "x":30,
                    "type":"Button",
                    "searchKey":"Button,btnSound",
                    "props":{"y":50,"x":30,"width":92,"stateNum":1,"skin":"ui/common/btn_sound_on.png","name":"btnSound","height":92},
                    "nodeParent":24,
                    "label":"btnSound",
                    "isDirectory":false,
                    "isAniNode":true,
                    "hasChild":false,
                    "compId":70,
                    "child":[
                        ],
                    "$HIDDEN":false
                }],
            "$HIDDEN":false
        },
        {
            "x":15,
            "type":"Box",
            "searchKey":"Box,middleUI",
            "props":{"x":0,"width":750,"name":"middleUI","height":2,"centerY":-157,"centerX":0},
            "nodeParent":2,
            "label":"middleUI",
            "isOpen":true,
            "isDirectory":true,
            "isAniNode":true,
            "hasChild":true,
            "compId":136,
            "child":[
                {
                    "x":30,
                    "type":"Button",
                    "searchKey":"Button,btnPlay2",
                    "props":{"y":246,"x":375,"width":439,"stateNum":1,"name":"btnPlay2","height":1200,"anchorY":0.5,"anchorX":0.5},
                    "nodeParent":136,
                    "label":"btnPlay2",
                    "isDirectory":false,
                    "isAniNode":true,
                    "hasChild":false,
                    "compId":344,
                    "child":[
                        ],
                    "$HIDDEN":false
                },
                {
                    "x":30,
                    "type":"Button",
                    "searchKey":"Button,btnPlay",
                    "props":{"y":304,"x":375,"stateNum":1,"skin":"ui/common/home/dk1.png","name":"btnPlay","anchorY":0.5,"anchorX":0.5},
                    "nodeParent":136,
                    "label":"btnPlay",
                    "isOpen":null,
                    "isDirectory":true,
                    "isAniNode":true,
                    "hasChild":true,
                    "compId":33,
                    "child":[
                        {
                            "type":"Image",
                            "searchKey":"Image",
                            "props":{"y":-53,"x":91,"skin":"ui/common/home/moveTxt.png"},
                            "nodeParent":33,
                            "label":"Image",
                            "isDirectory":false,
                            "isAniNode":true,
                            "hasChild":false,
                            "compId":416,
                            "child":[
                                ],
                            "$HIDDEN":false
                        }],
                    "$HIDDEN":false
                },
                {
                    "x":30,
                    "type":"Button",
                    "searchKey":"Button,skinBtn",
                    "props":{"y":230,"x":584,"visible":true,"stateNum":1,"skin":"ui/common/home/btn_shangdian.png","name":"skinBtn"},
                    "nodeParent":136,
                    "label":"skinBtn",
                    "isOpen":true,
                    "isDirectory":true,
                    "isAniNode":true,
                    "hasChild":true,
                    "compId":117,
                    "child":[
                        {
                            "x":45,
                            "type":"Image",
                            "searchKey":"Image",
                            "props":{"y":-27,"x":98},
                            "nodeParent":117,
                            "label":"Image",
                            "isDirectory":false,
                            "isAniNode":true,
                            "hasChild":false,
                            "compId":347,
                            "child":[
                                ],
                            "$HIDDEN":false
                        }],
                    "$HIDDEN":false
                },
                {
                    "x":30,
                    "type":"Button",
                    "searchKey":"Button,rankBtn",
                    "props":{"y":254,"x":-504,"visible":false,"stateNum":1,"name":"rankBtn"},
                    "nodeParent":136,
                    "label":"rankBtn",
                    "isDirectory":false,
                    "isAniNode":true,
                    "hasChild":false,
                    "compId":174,
                    "child":[
                        ],
                    "$HIDDEN":false
                },
                {
                    "x":30,
                    "type":"Image",
                    "searchKey":"Image,fingure",
                    "props":{"y":276,"x":375,"skin":"ui/common/home/fingure.png","name":"fingure","anchorX":0.5},
                    "nodeParent":136,
                    "label":"fingure",
                    "isDirectory":false,
                    "isAniNode":true,
                    "hasChild":false,
                    "compId":348,
                    "child":[
                        ],
                    "$HIDDEN":false
                }],
            "$HIDDEN":false
        },
        {
            "x":15,
            "type":"Box",
            "searchKey":"Box,bottomUI",
            "props":{"x":0,"width":750,"name":"bottomUI","height":1,"cacheAs":"normal","bottom":0},
            "nodeParent":2,
            "label":"bottomUI",
            "isDirectory":false,
            "isAniNode":true,
            "hasChild":false,
            "compId":25,
            "child":[
                ],
            "$HIDDEN":false
        },
        {
            "x":15,
            "type":"Script",
            "switchAble":true,
            "source":"src/scripts/stackIOViews/CarIOHomeView.ts",
            "searchKey":"Script,CarIOHomeView",
            "removeAble":true,
            "props":{"runtime":"scripts/stackIOViews/CarIOHomeView.ts"},
            "nodeParent":2,
            "label":"CarIOHomeView",
            "isDirectory":false,
            "isAniNode":true,
            "hasChild":false,
            "compId":346,
            "child":[
                ],
            "$HIDDEN":false
        },
        {
            "x":15,
            "type":"Box",
            "searchKey":"Box,box_clickLayer",
            "props":{"visible":false,"top":0,"right":0,"name":"box_clickLayer","mouseEnabled":true,"left":0,"bottom":0},
            "nodeParent":2,
            "label":"box_clickLayer",
            "isOpen":false,
            "isDirectory":true,
            "isAniNode":true,
            "hasChild":true,
            "compId":417,
            "child":[
                {
                    "type":"Sprite",
                    "searchKey":"Sprite",
                    "props":{"width":750,"height":1334,"alpha":0.5},
                    "nodeParent":417,
                    "label":"Sprite",
                    "isOpen":false,
                    "isDirectory":true,
                    "isAniNode":true,
                    "hasChild":true,
                    "compId":418,
                    "child":[
                        {
                            "type":"Rect",
                            "searchKey":"Rect",
                            "props":{"width":750,"lineWidth":1,"height":1334,"fillColor":"#000000"},
                            "nodeParent":418,
                            "label":"Rect",
                            "isDirectory":false,
                            "isAniNode":true,
                            "hasChild":false,
                            "compId":419,
                            "child":[
                                ]
                        }]
                },
                {
                    "type":"Label",
                    "searchKey":"Label",
                    "props":{"y":617,"x":0,"width":750,"valign":"middle","text":"LOADING\\nPLEASE WAIT…","height":100,"fontSize":50,"color":"#ffffff","align":"center"},
                    "nodeParent":417,
                    "label":"Label",
                    "isDirectory":false,
                    "isAniNode":true,
                    "hasChild":false,
                    "compId":420,
                    "child":[
                        ]
                }],
            "$HIDDEN":true
        }],
    "animations":[
        {
            "nodes":[
                ],
            "name":"ani1",
            "id":1,
            "frameRate":24,
            "action":0
        }],
    "$HIDDEN":false
}