{
    "x":0,
    "type":"View",
    "selectedBox":2,
    "selecteID":23,
    "searchKey":"View",
    "props":{"width":750,"height":1334},
    "nodeParent":-1,
    "maxID":32,
    "loadList3D":[
        ],
    "loadList":[
        "loading/bg_01.png",
        "loading/load_progress.png",
        "loading/loadPross.png",
        "loading/loading_text.png",
        "loading/logo.png"],
    "label":"View",
    "isOpen":true,
    "isDirectory":true,
    "isAniNode":true,
    "hasChild":true,
    "compId":2,
    "child":[
        {
            "x":15,
            "type":"Image",
            "searchKey":"Image,fullUI1",
            "props":{"y":-433,"x":-35,"width":820,"skin":"loading/bg_01.png","sizeGrid":"2,2,2,2","name":"fullUI1","height":2200},
            "nodeParent":2,
            "label":"fullUI1",
            "isDirectory":false,
            "isAniNode":true,
            "hasChild":false,
            "compId":5,
            "child":[
                ]
        },
        {
            "x":15,
            "type":"Box",
            "searchKey":"Box,middleUI",
            "props":{"width":750,"name":"middleUI"},
            "nodeParent":2,
            "label":"middleUI",
            "isOpen":true,
            "isDirectory":true,
            "isAniNode":true,
            "hasChild":true,
            "compId":23,
            "child":[
                {
                    "x":30,
                    "type":"Label",
                    "searchKey":"Label,lblPres",
                    "props":{"y":761,"x":296,"width":158,"valign":"middle","text":"0%","strokeColor":"#08084b","stroke":2,"name":"lblPres","height":26,"fontSize":26,"color":"#ffffff","bold":true,"align":"center"},
                    "nodeParent":23,
                    "label":"lblPres",
                    "isDirectory":false,
                    "isAniNode":true,
                    "hasChild":false,
                    "compId":7,
                    "child":[
                        ]
                },
                {
                    "x":30,
                    "type":"Sprite",
                    "searchKey":"Sprite,proBg",
                    "props":{"y":812,"x":136,"width":477,"texture":"loading/load_progress.png","name":"proBg","height":22},
                    "nodeParent":23,
                    "label":"proBg",
                    "isDirectory":false,
                    "isAniNode":true,
                    "hasChild":false,
                    "compId":13,
                    "child":[
                        ]
                },
                {
                    "x":30,
                    "type":"Image",
                    "searchKey":"Image,progress",
                    "props":{"y":812,"x":136,"width":477,"skin":"loading/loadPross.png","sizeGrid":"3,30,3,15","scaleX":1,"name":"progress","height":22},
                    "nodeParent":23,
                    "label":"progress",
                    "isDirectory":false,
                    "isAniNode":true,
                    "hasChild":false,
                    "compId":14,
                    "child":[
                        ]
                },
                {
                    "x":30,
                    "type":"Image",
                    "searchKey":"Image",
                    "props":{"y":851,"x":316,"skin":"loading/loading_text.png"},
                    "nodeParent":23,
                    "label":"Image",
                    "isDirectory":false,
                    "isAniNode":true,
                    "hasChild":false,
                    "compId":15,
                    "child":[
                        ]
                },
                {
                    "x":30,
                    "type":"Image",
                    "searchKey":"Image,name",
                    "props":{"y":113,"x":31,"skin":"loading/logo.png","name":"name"},
                    "nodeParent":23,
                    "label":"name",
                    "isDirectory":false,
                    "isAniNode":true,
                    "hasChild":false,
                    "compId":28,
                    "child":[
                        ]
                }]
        },
        {
            "x":15,
            "type":"Script",
            "switchAble":true,
            "source":"src/scripts/stackIOViews/CarIOLoginView.ts",
            "searchKey":"Script,CarIOLoginView",
            "removeAble":true,
            "props":{"runtime":"scripts/stackIOViews/CarIOLoginView.ts"},
            "nodeParent":2,
            "label":"CarIOLoginView",
            "isDirectory":false,
            "isAniNode":true,
            "hasChild":false,
            "compId":31,
            "child":[
                ]
        }],
    "animations":[
        {
            "nodes":[
                ],
            "name":"ani1",
            "id":1,
            "frameRate":24,
            "action":0
        }]
}