{
    "x":0,
    "type":"View",
    "selectedBox":2,
    "selecteID":181,
    "searchKey":"View",
    "props":{"width":750,"height":1334},
    "nodeParent":-1,
    "maxID":194,
    "loadList3D":[
        ],
    "loadList":[
        "ui/common/bg_mask.png",
        "ui/common/home/goldBg.png",
        "ui/common/home/icon_gold.png",
        "ui/common/home/clip_1_9.png",
        "ui/common/home/skinBg.png",
        "ui/common/home/fame_skin_outerglow.png",
        "ui/common/home/dk.png",
        "ui/common/skin/car_01.png",
        "ui/common/home/btn_xuangzhong_1.png",
        "ui/common/home/img_guanggao.png",
        "ui/common/skin/car_02.png",
        "ui/common/skin/car_03.png",
        "ui/common/skin/car_04.png",
        "ui/common/skin/car_05.png",
        "ui/common/skin/car_06.png",
        "ui/common/skin/car_07.png",
        "ui/common/skin/car_08.png",
        "ui/common/skin/car_09.png",
        "ui/common/home/btn_xuangzhong.png",
        "ui/common/home/fanghui_icon .png",
        "ui/common/home/btn_pifujiesuo.png"],
    "label":"View",
    "isOpen":true,
    "isDirectory":true,
    "isAniNode":true,
    "hasChild":true,
    "compId":2,
    "child":[
        {
            "x":15,
            "type":"Image",
            "searchKey":"Image,fullUI",
            "props":{"y":10,"x":10,"width":750,"skin":"ui/common/bg_mask.png","name":"fullUI","height":1334,"alpha":0.7},
            "nodeParent":2,
            "label":"fullUI",
            "isDirectory":false,
            "isAniNode":true,
            "hasChild":false,
            "compId":183,
            "child":[
                ]
        },
        {
            "x":15,
            "type":"Box",
            "searchKey":"Box,topUI",
            "props":{"y":0,"x":0,"width":750,"name":"topUI","height":640},
            "nodeParent":2,
            "label":"topUI",
            "isOpen":true,
            "isDirectory":true,
            "isAniNode":true,
            "hasChild":true,
            "compId":51,
            "child":[
                {
                    "x":30,
                    "type":"Sprite",
                    "searchKey":"Sprite,coinBg",
                    "props":{"y":60,"x":555,"texture":"ui/common/home/goldBg.png","scaleY":1,"scaleX":1,"name":"coinBg"},
                    "nodeParent":51,
                    "label":"coinBg",
                    "isOpen":false,
                    "isDirectory":true,
                    "isAniNode":true,
                    "hasChild":true,
                    "compId":177,
                    "child":[
                        {
                            "type":"Image",
                            "searchKey":"Image",
                            "props":{"y":1,"x":0,"skin":"ui/common/home/icon_gold.png"},
                            "nodeParent":177,
                            "label":"Image",
                            "isDirectory":false,
                            "isAniNode":true,
                            "hasChild":false,
                            "compId":175,
                            "child":[
                                ]
                        },
                        {
                            "type":"FontClip",
                            "searchKey":"FontClip,value",
                            "props":{"y":10,"x":70,"width":135,"value":"99999","spaceX":-12,"skin":"ui/common/home/clip_1_9.png","sheet":"0123456789","scaleY":0.7,"scaleX":0.7,"name":"value","align":"center"},
                            "nodeParent":177,
                            "label":"value",
                            "isDirectory":false,
                            "isAniNode":true,
                            "hasChild":false,
                            "compId":11,
                            "child":[
                                ]
                        }]
                }]
        },
        {
            "x":15,
            "type":"Box",
            "searchKey":"Box,middleUI",
            "props":{"y":571,"width":750,"name":"middleUI","height":2,"centerX":0},
            "nodeParent":2,
            "label":"middleUI",
            "isOpen":null,
            "isDirectory":true,
            "isAniNode":true,
            "hasChild":true,
            "compId":181,
            "child":[
                {
                    "type":"Box",
                    "searchKey":"Box,skinPanel",
                    "props":{"y":-61,"x":0,"width":750,"name":"skinPanel","height":30},
                    "nodeParent":181,
                    "label":"skinPanel",
                    "isDirectory":true,
                    "isAniNode":true,
                    "hasChild":true,
                    "compId":6,
                    "child":[
                        {
                            "type":"Image",
                            "searchKey":"Image,bg",
                            "props":{"y":-302,"x":57,"skin":"ui/common/home/skinBg.png","name":"bg"},
                            "nodeParent":6,
                            "label":"bg",
                            "isDirectory":false,
                            "isAniNode":true,
                            "hasChild":false,
                            "compId":182,
                            "child":[
                                ]
                        },
                        {
                            "type":"Image",
                            "searchKey":"Image,selectLight",
                            "props":{"y":-189,"x":106,"width":178,"skin":"ui/common/home/fame_skin_outerglow.png","scaleY":1,"scaleX":1,"name":"selectLight","height":154},
                            "nodeParent":6,
                            "label":"selectLight",
                            "isDirectory":false,
                            "isAniNode":true,
                            "hasChild":false,
                            "compId":180,
                            "child":[
                                ]
                        },
                        {
                            "type":"Image",
                            "searchKey":"Image,role1",
                            "props":{"y":-189,"x":106,"skin":"ui/common/home/dk.png","name":"role1"},
                            "nodeParent":6,
                            "label":"role1",
                            "isDirectory":true,
                            "isAniNode":true,
                            "hasChild":true,
                            "compId":7,
                            "child":[
                                {
                                    "type":"Image",
                                    "searchKey":"Image,icon",
                                    "props":{"y":22,"x":26,"skin":"ui/common/skin/car_01.png","scaleY":1,"scaleX":1,"name":"icon"},
                                    "nodeParent":7,
                                    "label":"icon",
                                    "isDirectory":false,
                                    "isAniNode":true,
                                    "hasChild":false,
                                    "compId":8,
                                    "child":[
                                        ]
                                },
                                {
                                    "type":"Image",
                                    "searchKey":"Image,lock",
                                    "props":{"y":100,"x":100,"visible":true,"skin":"ui/common/home/btn_xuangzhong_1.png","name":"lock"},
                                    "nodeParent":7,
                                    "label":"lock",
                                    "isDirectory":true,
                                    "isAniNode":true,
                                    "hasChild":true,
                                    "compId":9,
                                    "child":[
                                        {
                                            "type":"Image",
                                            "searchKey":"Image,img",
                                            "props":{"y":10,"x":21,"skin":"ui/common/home/img_guanggao.png","name":"img"},
                                            "nodeParent":9,
                                            "label":"img",
                                            "isDirectory":false,
                                            "isAniNode":true,
                                            "hasChild":false,
                                            "compId":184,
                                            "child":[
                                                ]
                                        }]
                                }]
                        },
                        {
                            "type":"Image",
                            "searchKey":"Image,role2",
                            "props":{"y":-189,"x":286,"skin":"ui/common/home/dk.png","name":"role2"},
                            "nodeParent":6,
                            "label":"role2",
                            "isDirectory":true,
                            "isAniNode":true,
                            "hasChild":true,
                            "compId":12,
                            "child":[
                                {
                                    "type":"Image",
                                    "searchKey":"Image,icon",
                                    "props":{"y":22,"x":26,"skin":"ui/common/skin/car_02.png","scaleY":1,"scaleX":1,"name":"icon"},
                                    "nodeParent":12,
                                    "label":"icon",
                                    "isDirectory":false,
                                    "isAniNode":true,
                                    "hasChild":false,
                                    "compId":13,
                                    "child":[
                                        ]
                                },
                                {
                                    "type":"Image",
                                    "searchKey":"Image,lock",
                                    "props":{"y":100,"x":100,"skin":"ui/common/home/btn_xuangzhong_1.png","name":"lock"},
                                    "nodeParent":12,
                                    "label":"lock",
                                    "isDirectory":true,
                                    "isAniNode":true,
                                    "hasChild":true,
                                    "compId":14,
                                    "child":[
                                        {
                                            "type":"Image",
                                            "searchKey":"Image,img",
                                            "props":{"y":10,"x":21,"skin":"ui/common/home/img_guanggao.png","name":"img"},
                                            "nodeParent":14,
                                            "label":"img",
                                            "isDirectory":false,
                                            "isAniNode":true,
                                            "hasChild":false,
                                            "compId":185,
                                            "child":[
                                                ]
                                        }]
                                }]
                        },
                        {
                            "type":"Image",
                            "searchKey":"Image,role3",
                            "props":{"y":-189,"x":466,"skin":"ui/common/home/dk.png","name":"role3"},
                            "nodeParent":6,
                            "label":"role3",
                            "isDirectory":true,
                            "isAniNode":true,
                            "hasChild":true,
                            "compId":16,
                            "child":[
                                {
                                    "type":"Image",
                                    "searchKey":"Image,icon",
                                    "props":{"y":22,"x":26,"skin":"ui/common/skin/car_03.png","scaleY":1,"scaleX":1,"name":"icon"},
                                    "nodeParent":16,
                                    "label":"icon",
                                    "isDirectory":false,
                                    "isAniNode":true,
                                    "hasChild":false,
                                    "compId":18,
                                    "child":[
                                        ]
                                },
                                {
                                    "type":"Image",
                                    "searchKey":"Image,lock",
                                    "props":{"y":100,"x":100,"skin":"ui/common/home/btn_xuangzhong_1.png","name":"lock"},
                                    "nodeParent":16,
                                    "label":"lock",
                                    "isDirectory":true,
                                    "isAniNode":true,
                                    "hasChild":true,
                                    "compId":19,
                                    "child":[
                                        {
                                            "type":"Image",
                                            "searchKey":"Image,img",
                                            "props":{"y":10,"x":21,"skin":"ui/common/home/img_guanggao.png","name":"img"},
                                            "nodeParent":19,
                                            "label":"img",
                                            "isDirectory":false,
                                            "isAniNode":true,
                                            "hasChild":false,
                                            "compId":186,
                                            "child":[
                                                ]
                                        }]
                                }]
                        },
                        {
                            "type":"Image",
                            "searchKey":"Image,role4",
                            "props":{"y":-35,"x":106,"skin":"ui/common/home/dk.png","name":"role4"},
                            "nodeParent":6,
                            "label":"role4",
                            "isDirectory":true,
                            "isAniNode":true,
                            "hasChild":true,
                            "compId":17,
                            "child":[
                                {
                                    "type":"Image",
                                    "searchKey":"Image,icon",
                                    "props":{"y":22,"x":26,"skin":"ui/common/skin/car_04.png","scaleY":1,"scaleX":1,"name":"icon"},
                                    "nodeParent":17,
                                    "label":"icon",
                                    "isDirectory":false,
                                    "isAniNode":true,
                                    "hasChild":false,
                                    "compId":21,
                                    "child":[
                                        ]
                                },
                                {
                                    "type":"Image",
                                    "searchKey":"Image,lock",
                                    "props":{"y":100,"x":100,"skin":"ui/common/home/btn_xuangzhong_1.png","name":"lock"},
                                    "nodeParent":17,
                                    "label":"lock",
                                    "isDirectory":true,
                                    "isAniNode":true,
                                    "hasChild":true,
                                    "compId":22,
                                    "child":[
                                        {
                                            "type":"Image",
                                            "searchKey":"Image,img",
                                            "props":{"y":10,"x":21,"skin":"ui/common/home/img_guanggao.png","name":"img"},
                                            "nodeParent":22,
                                            "label":"img",
                                            "isDirectory":false,
                                            "isAniNode":true,
                                            "hasChild":false,
                                            "compId":187,
                                            "child":[
                                                ]
                                        }]
                                }]
                        },
                        {
                            "type":"Image",
                            "searchKey":"Image,role5",
                            "props":{"y":-35,"x":286,"skin":"ui/common/home/dk.png","name":"role5"},
                            "nodeParent":6,
                            "label":"role5",
                            "isDirectory":true,
                            "isAniNode":true,
                            "hasChild":true,
                            "compId":24,
                            "child":[
                                {
                                    "type":"Image",
                                    "searchKey":"Image,icon",
                                    "props":{"y":22,"x":26,"skin":"ui/common/skin/car_05.png","scaleY":1,"scaleX":1,"name":"icon"},
                                    "nodeParent":24,
                                    "label":"icon",
                                    "isDirectory":false,
                                    "isAniNode":true,
                                    "hasChild":false,
                                    "compId":28,
                                    "child":[
                                        ]
                                },
                                {
                                    "type":"Image",
                                    "searchKey":"Image,lock",
                                    "props":{"y":100,"x":100,"skin":"ui/common/home/btn_xuangzhong_1.png","name":"lock"},
                                    "nodeParent":24,
                                    "label":"lock",
                                    "isDirectory":true,
                                    "isAniNode":true,
                                    "hasChild":true,
                                    "compId":29,
                                    "child":[
                                        {
                                            "type":"Image",
                                            "searchKey":"Image,img",
                                            "props":{"y":10,"x":21,"skin":"ui/common/home/img_guanggao.png","name":"img"},
                                            "nodeParent":29,
                                            "label":"img",
                                            "isDirectory":false,
                                            "isAniNode":true,
                                            "hasChild":false,
                                            "compId":188,
                                            "child":[
                                                ]
                                        }]
                                }]
                        },
                        {
                            "type":"Image",
                            "searchKey":"Image,role6",
                            "props":{"y":-35,"x":466,"skin":"ui/common/home/dk.png","name":"role6"},
                            "nodeParent":6,
                            "label":"role6",
                            "isDirectory":true,
                            "isAniNode":true,
                            "hasChild":true,
                            "compId":25,
                            "child":[
                                {
                                    "type":"Image",
                                    "searchKey":"Image,icon",
                                    "props":{"y":22,"x":26,"skin":"ui/common/skin/car_06.png","scaleY":1,"scaleX":1,"name":"icon"},
                                    "nodeParent":25,
                                    "label":"icon",
                                    "isDirectory":false,
                                    "isAniNode":true,
                                    "hasChild":false,
                                    "compId":31,
                                    "child":[
                                        ]
                                },
                                {
                                    "type":"Image",
                                    "searchKey":"Image,lock",
                                    "props":{"y":100,"x":100,"skin":"ui/common/home/btn_xuangzhong_1.png","name":"lock"},
                                    "nodeParent":25,
                                    "label":"lock",
                                    "isDirectory":true,
                                    "isAniNode":true,
                                    "hasChild":true,
                                    "compId":32,
                                    "child":[
                                        {
                                            "type":"Image",
                                            "searchKey":"Image,img",
                                            "props":{"y":10,"x":21,"skin":"ui/common/home/img_guanggao.png","name":"img"},
                                            "nodeParent":32,
                                            "label":"img",
                                            "isDirectory":false,
                                            "isAniNode":true,
                                            "hasChild":false,
                                            "compId":189,
                                            "child":[
                                                ]
                                        }]
                                }]
                        },
                        {
                            "type":"Image",
                            "searchKey":"Image,role7",
                            "props":{"y":116,"x":106,"skin":"ui/common/home/dk.png","name":"role7"},
                            "nodeParent":6,
                            "label":"role7",
                            "isDirectory":true,
                            "isAniNode":true,
                            "hasChild":true,
                            "compId":26,
                            "child":[
                                {
                                    "type":"Image",
                                    "searchKey":"Image,icon",
                                    "props":{"y":22,"x":26,"skin":"ui/common/skin/car_07.png","scaleY":1,"scaleX":1,"name":"icon"},
                                    "nodeParent":26,
                                    "label":"icon",
                                    "isDirectory":false,
                                    "isAniNode":true,
                                    "hasChild":false,
                                    "compId":34,
                                    "child":[
                                        ]
                                },
                                {
                                    "type":"Image",
                                    "searchKey":"Image,lock",
                                    "props":{"y":100,"x":100,"skin":"ui/common/home/btn_xuangzhong_1.png","name":"lock"},
                                    "nodeParent":26,
                                    "label":"lock",
                                    "isDirectory":true,
                                    "isAniNode":true,
                                    "hasChild":true,
                                    "compId":35,
                                    "child":[
                                        {
                                            "type":"Image",
                                            "searchKey":"Image,img",
                                            "props":{"y":10,"x":21,"skin":"ui/common/home/img_guanggao.png","name":"img"},
                                            "nodeParent":35,
                                            "label":"img",
                                            "isDirectory":false,
                                            "isAniNode":true,
                                            "hasChild":false,
                                            "compId":190,
                                            "child":[
                                                ]
                                        }]
                                }]
                        },
                        {
                            "type":"Image",
                            "searchKey":"Image,role8",
                            "props":{"y":116,"x":286,"skin":"ui/common/home/dk.png","name":"role8"},
                            "nodeParent":6,
                            "label":"role8",
                            "isDirectory":true,
                            "isAniNode":true,
                            "hasChild":true,
                            "compId":27,
                            "child":[
                                {
                                    "type":"Image",
                                    "searchKey":"Image,icon",
                                    "props":{"y":22,"x":26,"skin":"ui/common/skin/car_08.png","scaleY":1,"scaleX":1,"name":"icon"},
                                    "nodeParent":27,
                                    "label":"icon",
                                    "isDirectory":false,
                                    "isAniNode":true,
                                    "hasChild":false,
                                    "compId":37,
                                    "child":[
                                        ]
                                },
                                {
                                    "type":"Image",
                                    "searchKey":"Image,lock",
                                    "props":{"y":100,"x":100,"skin":"ui/common/home/btn_xuangzhong_1.png","name":"lock"},
                                    "nodeParent":27,
                                    "label":"lock",
                                    "isDirectory":true,
                                    "isAniNode":true,
                                    "hasChild":true,
                                    "compId":38,
                                    "child":[
                                        {
                                            "type":"Image",
                                            "searchKey":"Image,img",
                                            "props":{"y":10,"x":21,"skin":"ui/common/home/img_guanggao.png","name":"img"},
                                            "nodeParent":38,
                                            "label":"img",
                                            "isDirectory":false,
                                            "isAniNode":true,
                                            "hasChild":false,
                                            "compId":191,
                                            "child":[
                                                ]
                                        }]
                                }]
                        },
                        {
                            "type":"Image",
                            "searchKey":"Image,role9",
                            "props":{"y":116,"x":466,"skin":"ui/common/home/dk.png","name":"role9"},
                            "nodeParent":6,
                            "label":"role9",
                            "isDirectory":true,
                            "isAniNode":true,
                            "hasChild":true,
                            "compId":40,
                            "child":[
                                {
                                    "type":"Image",
                                    "searchKey":"Image,icon",
                                    "props":{"y":25,"x":29,"skin":"ui/common/skin/car_09.png","scaleY":1,"scaleX":1,"name":"icon"},
                                    "nodeParent":40,
                                    "label":"icon",
                                    "isDirectory":false,
                                    "isAniNode":true,
                                    "hasChild":false,
                                    "compId":41,
                                    "child":[
                                        ]
                                },
                                {
                                    "type":"Image",
                                    "searchKey":"Image,lock",
                                    "props":{"y":100,"x":100,"skin":"ui/common/home/btn_xuangzhong_1.png","name":"lock"},
                                    "nodeParent":40,
                                    "label":"lock",
                                    "isDirectory":true,
                                    "isAniNode":true,
                                    "hasChild":true,
                                    "compId":42,
                                    "child":[
                                        {
                                            "type":"Image",
                                            "searchKey":"Image,img",
                                            "props":{"y":10,"x":21,"skin":"ui/common/home/img_guanggao.png","name":"img"},
                                            "nodeParent":42,
                                            "label":"img",
                                            "isDirectory":false,
                                            "isAniNode":true,
                                            "hasChild":false,
                                            "compId":192,
                                            "child":[
                                                ]
                                        }]
                                }]
                        },
                        {
                            "type":"Image",
                            "searchKey":"Image,select",
                            "props":{"y":-89,"x":206,"skin":"ui/common/home/btn_xuangzhong.png","name":"select"},
                            "nodeParent":6,
                            "label":"select",
                            "isDirectory":false,
                            "isAniNode":true,
                            "hasChild":false,
                            "compId":10,
                            "child":[
                                ]
                        }]
                },
                {
                    "type":"Button",
                    "searchKey":"Button,backBtn",
                    "props":{"y":-383,"x":580,"stateNum":1,"skin":"ui/common/home/fanghui_icon .png","name":"backBtn"},
                    "nodeParent":181,
                    "label":"backBtn",
                    "isDirectory":false,
                    "isAniNode":true,
                    "hasChild":false,
                    "compId":49,
                    "child":[
                        ]
                },
                {
                    "type":"Button",
                    "searchKey":"Button,unLockBtn",
                    "props":{"y":294,"x":185,"stateNum":1,"skin":"ui/common/home/btn_pifujiesuo.png","name":"unLockBtn"},
                    "nodeParent":181,
                    "label":"unLockBtn",
                    "isDirectory":true,
                    "isAniNode":true,
                    "hasChild":true,
                    "compId":45,
                    "child":[
                        {
                            "type":"Sprite",
                            "searchKey":"Sprite,coinBg",
                            "props":{"y":148,"x":72,"texture":"ui/common/home/goldBg.png","scaleY":1,"scaleX":1,"name":"coinBg"},
                            "nodeParent":45,
                            "label":"coinBg",
                            "isDirectory":true,
                            "isAniNode":true,
                            "hasChild":true,
                            "compId":58,
                            "child":[
                                {
                                    "type":"Image",
                                    "searchKey":"Image",
                                    "props":{"y":1,"x":0,"skin":"ui/common/home/icon_gold.png"},
                                    "nodeParent":58,
                                    "label":"Image",
                                    "isDirectory":false,
                                    "isAniNode":true,
                                    "hasChild":false,
                                    "compId":178,
                                    "child":[
                                        ]
                                },
                                {
                                    "type":"FontClip",
                                    "searchKey":"FontClip,value",
                                    "props":{"y":10,"x":70,"width":135,"value":"99999","spaceX":-12,"skin":"ui/common/home/clip_1_9.png","sheet":"0123456789","scaleY":0.7,"scaleX":0.7,"name":"value","align":"center"},
                                    "nodeParent":58,
                                    "label":"value",
                                    "isDirectory":false,
                                    "isAniNode":true,
                                    "hasChild":false,
                                    "compId":179,
                                    "child":[
                                        ]
                                }]
                        },
                        {
                            "type":"Image",
                            "searchKey":"Image,videoTip",
                            "props":{"y":123,"x":305,"skin":"ui/common/home/btn_xuangzhong_1.png","name":"videoTip"},
                            "nodeParent":45,
                            "label":"videoTip",
                            "isDirectory":true,
                            "isAniNode":true,
                            "hasChild":true,
                            "compId":176,
                            "child":[
                                {
                                    "type":"Image",
                                    "searchKey":"Image,img",
                                    "props":{"y":10,"x":21,"skin":"ui/common/home/img_guanggao.png","name":"img"},
                                    "nodeParent":176,
                                    "label":"img",
                                    "isDirectory":false,
                                    "isAniNode":true,
                                    "hasChild":false,
                                    "compId":193,
                                    "child":[
                                        ]
                                }]
                        }]
                }]
        },
        {
            "x":15,
            "type":"Box",
            "searchKey":"Box,bottomUI",
            "props":{"y":1167,"width":750,"name":"bottomUI","height":1},
            "nodeParent":2,
            "label":"bottomUI",
            "isDirectory":false,
            "isAniNode":true,
            "hasChild":false,
            "compId":44,
            "child":[
                ]
        },
        {
            "x":15,
            "type":"Script",
            "switchAble":true,
            "source":"src/scripts/stackIOViews/SkinShopView.ts",
            "searchKey":"Script,SkinShopView",
            "removeAble":true,
            "props":{"runtime":"scripts/stackIOViews/SkinShopView.ts"},
            "nodeParent":2,
            "label":"SkinShopView",
            "isDirectory":false,
            "isAniNode":true,
            "hasChild":false,
            "compId":55,
            "child":[
                ]
        }],
    "animations":[
        {
            "nodes":[
                ],
            "name":"ani1",
            "id":1,
            "frameRate":24,
            "action":0
        }]
}