{
    "x":0,
    "type":"View",
    "selectedBox":2,
    "selecteID":38,
    "searchKey":"View",
    "props":{"width":750,"visible":true,"height":1334},
    "nodeParent":-1,
    "maxID":219,
    "loadList3D":[
        ],
    "loadList":[
        "ad/bg.png",
        "ui/common/home/victory.png",
        "ui/common/home/goldBg.png",
        "ui/common/home/icon_gold.png",
        "ui/common/home/clip_1_9.png",
        "ad/new_export/box_zijixiang.png",
        "ad/new_export/inside_box.png",
        "eff/chuizi.ani",
        "eff/liewen.ani",
        "ui/common/home/btn_wubeilingqu.png",
        "ui/common/home/img_guanggao.png",
        "ui/common/home/btn_zhejieliqu .png",
        "ui/common/home/btn_shangdian.png",
        "ui/common/home/btn_tishi.png"],
    "label":"View",
    "isOpen":true,
    "isDirectory":true,
    "isAniNode":true,
    "hasChild":true,
    "compId":2,
    "child":[
        {
            "x":15,
            "type":"Image",
            "searchKey":"Image,fullUI",
            "props":{"width":750,"skin":"ad/bg.png","name":"fullUI","height":1334,"alpha":1},
            "nodeParent":2,
            "label":"fullUI",
            "isDirectory":false,
            "isAniNode":true,
            "hasChild":false,
            "compId":92,
            "child":[
                ]
        },
        {
            "x":15,
            "type":"Box",
            "searchKey":"Box,topUI",
            "props":{"y":0,"x":0,"width":750,"visible":true,"name":"topUI","height":640},
            "nodeParent":2,
            "label":"topUI",
            "isOpen":null,
            "isDirectory":true,
            "isAniNode":true,
            "hasChild":true,
            "compId":42,
            "child":[
                {
                    "type":"Image",
                    "searchKey":"Image",
                    "props":{"y":100,"x":83,"skin":"ui/common/home/victory.png"},
                    "nodeParent":42,
                    "label":"Image",
                    "isDirectory":false,
                    "isAniNode":true,
                    "hasChild":false,
                    "compId":93,
                    "child":[
                        ]
                },
                {
                    "type":"Sprite",
                    "searchKey":"Sprite,coinBg",
                    "props":{"y":274,"x":555,"texture":"ui/common/home/goldBg.png","scaleY":1,"scaleX":1,"name":"coinBg"},
                    "nodeParent":42,
                    "label":"coinBg",
                    "isDirectory":true,
                    "isAniNode":true,
                    "hasChild":true,
                    "compId":115,
                    "child":[
                        {
                            "type":"Image",
                            "searchKey":"Image,coin",
                            "props":{"y":0,"x":0,"skin":"ui/common/home/icon_gold.png","name":"coin"},
                            "nodeParent":115,
                            "label":"coin",
                            "isDirectory":false,
                            "isAniNode":true,
                            "hasChild":false,
                            "compId":175,
                            "child":[
                                ]
                        },
                        {
                            "type":"FontClip",
                            "searchKey":"FontClip,value",
                            "props":{"y":10,"x":73,"width":135,"value":"99999","spaceX":-12,"skin":"ui/common/home/clip_1_9.png","sheet":"0123456789","scaleY":0.7,"scaleX":0.7,"name":"value","align":"center"},
                            "nodeParent":115,
                            "label":"value",
                            "isDirectory":false,
                            "isAniNode":true,
                            "hasChild":false,
                            "compId":11,
                            "child":[
                                ]
                        }]
                }]
        },
        {
            "x":15,
            "type":"Box",
            "searchKey":"Box,middleUI",
            "props":{"y":335,"x":0,"width":750,"name":"middleUI","height":500,"centerX":0},
            "nodeParent":2,
            "label":"middleUI",
            "isOpen":true,
            "isDirectory":true,
            "isAniNode":true,
            "hasChild":true,
            "compId":103,
            "child":[
                {
                    "x":30,
                    "type":"List",
                    "searchKey":"List,list_showList",
                    "props":{"y":0,"x":54,"width":642,"repeatY":2,"repeatX":2,"name":"list_showList","height":482},
                    "nodeParent":103,
                    "label":"list_showList",
                    "isOpen":true,
                    "isDirectory":true,
                    "isAniNode":true,
                    "hasChild":true,
                    "compId":216,
                    "child":[
                        {
                            "x":45,
                            "type":"Box",
                            "searchKey":"Box",
                            "props":{"renderType":"render"},
                            "nodeParent":216,
                            "label":"Box",
                            "isOpen":true,
                            "isDirectory":true,
                            "isAniNode":false,
                            "hasChild":true,
                            "compId":217,
                            "child":[
                                {
                                    "x":60,
                                    "type":"Image",
                                    "searchKey":"Image,thumb",
                                    "props":{"width":320,"name":"thumb","height":240},
                                    "nodeParent":217,
                                    "label":"thumb",
                                    "isDirectory":false,
                                    "isAniNode":false,
                                    "hasChild":false,
                                    "compId":218,
                                    "child":[
                                        ]
                                }]
                        }]
                }]
        },
        {
            "x":15,
            "type":"Box",
            "searchKey":"Box,bottomUI",
            "props":{"x":74,"width":607,"name":"bottomUI","height":260,"cacheAs":"normal","bottom":0},
            "nodeParent":2,
            "label":"bottomUI",
            "isOpen":true,
            "isDirectory":true,
            "isAniNode":true,
            "hasChild":true,
            "compId":38,
            "child":[
                {
                    "x":30,
                    "type":"Image",
                    "searchKey":"Image,coin",
                    "props":{"y":-230,"x":203,"width":200,"skin":"ui/common/home/goldBg.png","sizeGrid":"11,18,9,19","name":"coin"},
                    "nodeParent":38,
                    "label":"coin",
                    "isOpen":null,
                    "isDirectory":true,
                    "isAniNode":true,
                    "hasChild":true,
                    "compId":94,
                    "child":[
                        {
                            "type":"Image",
                            "searchKey":"Image,coin",
                            "props":{"y":1,"x":0,"skin":"ui/common/home/icon_gold.png","name":"coin"},
                            "nodeParent":94,
                            "label":"coin",
                            "isDirectory":false,
                            "isAniNode":true,
                            "hasChild":false,
                            "compId":113,
                            "child":[
                                ]
                        },
                        {
                            "type":"FontClip",
                            "searchKey":"FontClip,value",
                            "props":{"y":10,"x":63,"width":150,"value":"129","spaceX":-12,"skin":"ui/common/home/clip_1_9.png","sheet":"0123456789","scaleY":0.7,"scaleX":0.7,"name":"value","align":"center"},
                            "nodeParent":94,
                            "label":"value",
                            "isDirectory":false,
                            "isAniNode":true,
                            "hasChild":false,
                            "compId":98,
                            "child":[
                                ]
                        }]
                },
                {
                    "x":30,
                    "type":"Button",
                    "searchKey":"Button,videoBtn",
                    "props":{"y":-158,"x":170,"visible":false,"stateNum":1,"skin":"ui/common/home/btn_wubeilingqu.png","scaleY":0.7,"scaleX":0.7,"name":"videoBtn","label":" ","cacheAs":"normal"},
                    "nodeParent":38,
                    "label":"videoBtn",
                    "isOpen":null,
                    "isDirectory":true,
                    "isAniNode":true,
                    "hasChild":true,
                    "compId":20,
                    "child":[
                        {
                            "type":"Image",
                            "searchKey":"Image,img",
                            "props":{"y":86,"x":295,"skin":"ui/common/home/img_guanggao.png","name":"img"},
                            "nodeParent":20,
                            "label":"img",
                            "isDirectory":false,
                            "isAniNode":true,
                            "hasChild":false,
                            "compId":205,
                            "child":[
                                ]
                        }]
                },
                {
                    "x":30,
                    "type":"Button",
                    "searchKey":"Button,nextBtn",
                    "props":{"y":-23,"x":232,"stateNum":1,"skin":"ui/common/home/btn_zhejieliqu .png","name":"nextBtn"},
                    "nodeParent":38,
                    "label":"nextBtn",
                    "isDirectory":false,
                    "isAniNode":true,
                    "hasChild":false,
                    "compId":53,
                    "child":[
                        ]
                },
                {
                    "x":30,
                    "type":"Button",
                    "searchKey":"Button,skinBtn",
                    "props":{"y":-179,"x":501,"stateNum":1,"skin":"ui/common/home/btn_shangdian.png","name":"skinBtn"},
                    "nodeParent":38,
                    "label":"skinBtn",
                    "isOpen":true,
                    "isDirectory":true,
                    "isAniNode":true,
                    "hasChild":true,
                    "compId":176,
                    "child":[
                        {
                            "x":45,
                            "type":"Image",
                            "searchKey":"Image",
                            "props":{"y":-27,"x":98},
                            "nodeParent":176,
                            "label":"Image",
                            "isDirectory":false,
                            "isAniNode":true,
                            "hasChild":false,
                            "compId":204,
                            "child":[
                                ]
                        }]
                }]
        },
        {
            "x":15,
            "type":"Box",
            "searchKey":"Box,midddleUI",
            "props":{"width":750,"name":"midddleUI","height":1,"centerY":0},
            "nodeParent":2,
            "label":"midddleUI",
            "isOpen":null,
            "isDirectory":true,
            "isAniNode":true,
            "hasChild":true,
            "compId":177,
            "child":[
                {
                    "type":"Box",
                    "searchKey":"Box,addCoin",
                    "props":{"y":10,"x":10,"name":"addCoin"},
                    "nodeParent":177,
                    "label":"addCoin",
                    "isDirectory":true,
                    "isAniNode":true,
                    "hasChild":true,
                    "compId":178,
                    "child":[
                        {
                            "type":"Image",
                            "searchKey":"Image,add1",
                            "props":{"skin":"ui/common/home/icon_gold.png","name":"add1"},
                            "nodeParent":178,
                            "label":"add1",
                            "isDirectory":false,
                            "isAniNode":true,
                            "hasChild":false,
                            "compId":179,
                            "child":[
                                ]
                        },
                        {
                            "type":"Image",
                            "searchKey":"Image,add2",
                            "props":{"y":10,"x":10,"skin":"ui/common/home/icon_gold.png","name":"add2"},
                            "nodeParent":178,
                            "label":"add2",
                            "isDirectory":false,
                            "isAniNode":true,
                            "hasChild":false,
                            "compId":180,
                            "child":[
                                ]
                        },
                        {
                            "type":"Image",
                            "searchKey":"Image,add3",
                            "props":{"y":10,"x":10,"skin":"ui/common/home/icon_gold.png","name":"add3"},
                            "nodeParent":178,
                            "label":"add3",
                            "isDirectory":false,
                            "isAniNode":true,
                            "hasChild":false,
                            "compId":181,
                            "child":[
                                ]
                        },
                        {
                            "type":"Image",
                            "searchKey":"Image,add4",
                            "props":{"y":20,"x":20,"skin":"ui/common/home/icon_gold.png","name":"add4"},
                            "nodeParent":178,
                            "label":"add4",
                            "isDirectory":false,
                            "isAniNode":true,
                            "hasChild":false,
                            "compId":182,
                            "child":[
                                ]
                        },
                        {
                            "type":"Image",
                            "searchKey":"Image,add5",
                            "props":{"y":20,"x":20,"skin":"ui/common/home/icon_gold.png","name":"add5"},
                            "nodeParent":178,
                            "label":"add5",
                            "isDirectory":false,
                            "isAniNode":true,
                            "hasChild":false,
                            "compId":183,
                            "child":[
                                ]
                        },
                        {
                            "type":"Image",
                            "searchKey":"Image,add6",
                            "props":{"y":30,"x":30,"skin":"ui/common/home/icon_gold.png","name":"add6"},
                            "nodeParent":178,
                            "label":"add6",
                            "isDirectory":false,
                            "isAniNode":true,
                            "hasChild":false,
                            "compId":184,
                            "child":[
                                ]
                        },
                        {
                            "type":"Image",
                            "searchKey":"Image,add7",
                            "props":{"y":10,"x":10,"skin":"ui/common/home/icon_gold.png","name":"add7"},
                            "nodeParent":178,
                            "label":"add7",
                            "isDirectory":false,
                            "isAniNode":true,
                            "hasChild":false,
                            "compId":185,
                            "child":[
                                ]
                        },
                        {
                            "type":"Image",
                            "searchKey":"Image,add8",
                            "props":{"y":20,"x":20,"skin":"ui/common/home/icon_gold.png","name":"add8"},
                            "nodeParent":178,
                            "label":"add8",
                            "isDirectory":false,
                            "isAniNode":true,
                            "hasChild":false,
                            "compId":186,
                            "child":[
                                ]
                        },
                        {
                            "type":"Image",
                            "searchKey":"Image,add9",
                            "props":{"y":20,"x":20,"skin":"ui/common/home/icon_gold.png","name":"add9"},
                            "nodeParent":178,
                            "label":"add9",
                            "isDirectory":false,
                            "isAniNode":true,
                            "hasChild":false,
                            "compId":187,
                            "child":[
                                ]
                        },
                        {
                            "type":"Image",
                            "searchKey":"Image,add10",
                            "props":{"y":30,"x":30,"skin":"ui/common/home/icon_gold.png","name":"add10"},
                            "nodeParent":178,
                            "label":"add10",
                            "isDirectory":false,
                            "isAniNode":true,
                            "hasChild":false,
                            "compId":188,
                            "child":[
                                ]
                        },
                        {
                            "type":"Image",
                            "searchKey":"Image,add11",
                            "props":{"y":30,"x":30,"skin":"ui/common/home/icon_gold.png","name":"add11"},
                            "nodeParent":178,
                            "label":"add11",
                            "isDirectory":false,
                            "isAniNode":true,
                            "hasChild":false,
                            "compId":189,
                            "child":[
                                ]
                        },
                        {
                            "type":"Image",
                            "searchKey":"Image,add12",
                            "props":{"y":40,"x":40,"skin":"ui/common/home/icon_gold.png","name":"add12"},
                            "nodeParent":178,
                            "label":"add12",
                            "isDirectory":false,
                            "isAniNode":true,
                            "hasChild":false,
                            "compId":190,
                            "child":[
                                ]
                        },
                        {
                            "type":"Image",
                            "searchKey":"Image,add13",
                            "props":{"y":20,"x":20,"skin":"ui/common/home/icon_gold.png","name":"add13"},
                            "nodeParent":178,
                            "label":"add13",
                            "isDirectory":false,
                            "isAniNode":true,
                            "hasChild":false,
                            "compId":191,
                            "child":[
                                ]
                        },
                        {
                            "type":"Image",
                            "searchKey":"Image,add14",
                            "props":{"y":30,"x":30,"skin":"ui/common/home/icon_gold.png","name":"add14"},
                            "nodeParent":178,
                            "label":"add14",
                            "isDirectory":false,
                            "isAniNode":true,
                            "hasChild":false,
                            "compId":192,
                            "child":[
                                ]
                        },
                        {
                            "type":"Image",
                            "searchKey":"Image,add15",
                            "props":{"y":30,"x":30,"skin":"ui/common/home/icon_gold.png","name":"add15"},
                            "nodeParent":178,
                            "label":"add15",
                            "isDirectory":false,
                            "isAniNode":true,
                            "hasChild":false,
                            "compId":193,
                            "child":[
                                ]
                        },
                        {
                            "type":"Image",
                            "searchKey":"Image,add16",
                            "props":{"y":40,"x":40,"skin":"ui/common/home/icon_gold.png","name":"add16"},
                            "nodeParent":178,
                            "label":"add16",
                            "isDirectory":false,
                            "isAniNode":true,
                            "hasChild":false,
                            "compId":194,
                            "child":[
                                ]
                        },
                        {
                            "type":"Image",
                            "searchKey":"Image,add17",
                            "props":{"y":40,"x":40,"skin":"ui/common/home/icon_gold.png","name":"add17"},
                            "nodeParent":178,
                            "label":"add17",
                            "isDirectory":false,
                            "isAniNode":true,
                            "hasChild":false,
                            "compId":195,
                            "child":[
                                ]
                        },
                        {
                            "type":"Image",
                            "searchKey":"Image,add18",
                            "props":{"y":50,"x":50,"skin":"ui/common/home/icon_gold.png","name":"add18"},
                            "nodeParent":178,
                            "label":"add18",
                            "isDirectory":false,
                            "isAniNode":true,
                            "hasChild":false,
                            "compId":196,
                            "child":[
                                ]
                        },
                        {
                            "type":"Image",
                            "searchKey":"Image,add19",
                            "props":{"y":30,"x":30,"skin":"ui/common/home/icon_gold.png","name":"add19"},
                            "nodeParent":178,
                            "label":"add19",
                            "isDirectory":false,
                            "isAniNode":true,
                            "hasChild":false,
                            "compId":197,
                            "child":[
                                ]
                        },
                        {
                            "type":"Image",
                            "searchKey":"Image,add20",
                            "props":{"y":40,"x":40,"skin":"ui/common/home/icon_gold.png","name":"add20"},
                            "nodeParent":178,
                            "label":"add20",
                            "isDirectory":false,
                            "isAniNode":true,
                            "hasChild":false,
                            "compId":198,
                            "child":[
                                ]
                        }]
                }]
        },
        {
            "x":15,
            "type":"Script",
            "switchAble":true,
            "source":"src/scripts/stackIOViews/CarIOSuccessView.ts",
            "searchKey":"Script,CarIOSuccessView",
            "removeAble":true,
            "props":{"runtime":"scripts/stackIOViews/CarIOSuccessView.ts"},
            "nodeParent":2,
            "label":"CarIOSuccessView",
            "isDirectory":false,
            "isAniNode":true,
            "hasChild":false,
            "compId":203,
            "child":[
                ]
        }],
    "animations":[
        {
            "nodes":[
                ],
            "name":"ani1",
            "id":1,
            "frameRate":24,
            "action":0
        }]
}