{
  "res/atlas/ad/egg.atlas": [
    "ad/egg/",
    [
      "btn_bg.png",
      "egg.png",
      "figger.png",
      "hammer.png",
      "loading_0.png",
      "loading_1.png",
      "pedestal.png",
      "tip.png",
      "title_egg.png",
      "txt_egg.png"
    ]
  ],
  "res/atlas/ad/egg_new.atlas": [
    "ad/egg_new/",
    [
      "btn_bg.png",
      "egg.png",
      "figger.png",
      "hammer.png",
      "loading_0.png",
      "loading_1.png",
      "pedestal.png",
      "tip.png",
      "txt_egg.png"
    ]
  ],
  "res/atlas/ad/new_export.atlas": [
    "ad/new_export/",
    [
      "back.png",
      "base_map.png",
      "base_map_up.png",
      "bg_bg.png",
      "bottom_icon.png",
      "bottom_icon_background.png",
      "bottom_shadow.png",
      "box_zijixiang.png",
      "box_zijixiang2.png",
      "hammer.png",
      "inside_box.png",
      "middle_icon.png",
      "middle_shadow.png",
      "recently_playing_icon.png",
      "top_icon.png",
      "top_icon_background.png"
    ]
  ],
  "res/atlas/ad.atlas": [
    "ad/",
    [
      "ad-box.png",
      "ad-close.png",
      "ad-native-confirm.png",
      "ad-text.png",
      "add-desktop.png",
      "bg-box-shadow.png",
      "bg-box-title.png",
      "bg-box.png",
      "bg-gray.png",
      "bg-light.png",
      "bg-white.png",
      "bg.png",
      "btn-continue-new.png",
      "btn-home.png",
      "btn-next.png",
      "btn_GoOn.png",
      "btn_back_virtual.png",
      "checkbox_score.png",
      "clip_ad_color.png",
      "clip_ad_tag.png",
      "clip_next_btn.png",
      "clip_replay_btn.png",
      "desktop_heart.png",
      "desktop_heartef.png",
      "end-box.png",
      "end-home.png",
      "end-jump.png",
      "end-over.png",
      "end-pass.png",
      "full2-btn.png",
      "full2-history.png",
      "full2-title.png",
      "full2_mygames.png",
      "icon-back-new.png",
      "icon-back.png",
      "icon-cancel.png",
      "icon-start.png",
      "img_Corner_1.png",
      "img_Corner_2.png",
      "img_Corner_3.png",
      "img_avater.png",
      "img_avater_mask.png",
      "img_back.png",
      "img_back2.png",
      "img_bg_tag.png",
      "img_cover_slide_ad_btn.png",
      "img_fail_btn.png",
      "img_float_1.png",
      "img_float_3.png",
      "img_float_4.png",
      "img_float_5.png",
      "img_freind_title.png",
      "img_goon_blue.png",
      "img_hand.png",
      "img_hot.png",
      "img_icon.png",
      "img_icon_mask.png",
      "img_light.png",
      "img_light_quan.png",
      "img_name_bg.png",
      "img_play_togel.png",
      "img_rankBg_1.png",
      "img_rankBg_2.png",
      "img_rankBg_3.png",
      "img_score_checkbox_bg.png",
      "img_tage_new.png",
      "img_wx_icon.png",
      "index-box.png",
      "index-close.png",
      "index-hot.png",
      "mask.png",
      "moreGame.png",
      "recorder_gaming.png",
      "recorder_share.png",
      "recorder_start.png",
      "title-friend.png",
      "title-recommend.png",
      "v2-item.png",
      "v3-item1.png",
      "v3-item2.png",
      "v4-item1.png",
      "v4-item2.png",
      "you-like.png"
    ]
  ],
  "res/atlas/eff/chuizi.atlas": [
    "eff/chuizi/",
    [
      "chonji.png",
      "hammer.png"
    ]
  ],
  "res/atlas/eff/shouzhi1.atlas": [
    "eff/shouzhi1/",
    [
      "guanghuang.png",
      "shouzhi.png"
    ]
  ],
  "res/atlas/eff/suilie.atlas": [
    "eff/suilie/",
    [
      "1.png",
      "2.png",
      "3.png",
      "4.png"
    ]
  ],
  "res/atlas/loading.atlas": [
    "loading/",
    [
      "bg_01.png",
      "loadPross.png",
      "loading_text.png"
    ]
  ],
  "res/atlas/rank.atlas": [
    "rank/",
    [
      "avater_default.png",
      "bg_mask.png",
      "bg_panel.png",
      "btn_back_1.png",
      "btn_play.png",
      "btn_rank_friend.png",
      "btn_rank_world.png",
      "cell_rank_0.png",
      "chaoyue.png",
      "icon_first.png",
      "tag_rank_0.png",
      "tag_rank_1.png"
    ]
  ],
  "res/atlas/ui/common/enjoy.atlas": [
    "ui/common/enjoy/",
    [
      "1.png",
      "10.png",
      "2.png",
      "3.png",
      "4.png",
      "5.png",
      "6.png",
      "7.png",
      "8.png",
      "9.png",
      "bg.png"
    ]
  ],
  "res/atlas/ui/common/game.atlas": [
    "ui/common/game/",
    [
      "1.png",
      "2.png",
      "3.png",
      "btn_jiesuanjiangli.png",
      "btn_quxiao.png",
      "btn_renshu.png",
      "direction.png",
      "hit.png",
      "hit1.png",
      "hit2.png",
      "hit3.png",
      "hit4.png",
      "hpValue1.png",
      "hpValue11.png",
      "hpvalue2.png",
      "hpvalue21.png",
      "img_yaogan_down.png",
      "img_yaogan_up.png",
      "img_zhiyin.png",
      "img_zhiyin2.png",
      "level1.png",
      "level2.png",
      "level3.png",
      "level4.png",
      "levelBg.png",
      "progres_bar_down.png",
      "progres_bar_up.png",
      "tip.png",
      "tip1.png",
      "tip2.png",
      "tip3.png",
      "upTip.png"
    ]
  ],
  "res/atlas/ui/common/home.atlas": [
    "ui/common/home/",
    [
      "addTip.png",
      "addTip2.png",
      "btn_pifujiesuo.png",
      "btn_rank.png",
      "btn_shangdian.png",
      "btn_tishi.png",
      "btn_wubeilingqu.png",
      "btn_xuangzhong.png",
      "btn_xuangzhong_1.png",
      "btn_zhejieliqu .png",
      "clip_1_9.png",
      "dk.png",
      "dk1.png",
      "fame_skin_outerglow.png",
      "fanghui_icon .png",
      "fingure.png",
      "goldBg.png",
      "icon_gold.png",
      "icon_skin_lock.png",
      "icon_skin_own.png",
      "img_feixiang.png",
      "img_guanggao.png",
      "lock.png",
      "moveTxt.png",
      "text_again.png",
      "unlock.png"
    ]
  ],
  "res/atlas/ui/common/home1.atlas": [
    "ui/common/home1/",
    [
      "bar_load_1.png",
      "bar_load_2.png"
    ]
  ],
  "res/atlas/ui/common/skin.atlas": [
    "ui/common/skin/",
    [
      "car_01.png",
      "car_02.png",
      "car_03.png",
      "car_04.png",
      "car_05.png",
      "car_06.png",
      "car_07.png",
      "car_08.png",
      "car_09.png"
    ]
  ],
  "res/atlas/ui/common.atlas": [
    "ui/common/",
    [
      "bg_mask.png",
      "btnBack.png",
      "btn_back.png",
      "btn_skip.png",
      "btn_sound_off.png",
      "btn_sound_on.png",
      "btn_vibrate_off.png",
      "btn_vibrate_on.png",
      "cell_1.png",
      "cell_5.png",
      "cell_7.png",
      "cell_8.png",
      "close.png",
      "icon_true.png",
      "mask_black.png",
      "mask_white.png"
    ]
  ]
}