[
    {
        "name": "LevelEditor/G1",
        "models": [
            {
                "name": "prop_02",
                "pos": {
                    "x": -4.27,
                    "y": 0.09,
                    "z": 60.19
                },
                "scale": {
                    "x": 0.8,
                    "y": 0.8,
                    "z": 0.8
                },
                "r": 0.0
            },
            {
                "name": "prop_01",
                "pos": {
                    "x": 0.35,
                    "y": 0.38,
                    "z": 40.21
                },
                "scale": {
                    "x": 0.8,
                    "y": 0.8,
                    "z": 0.8
                },
                "r": 0.0
            },
            {
                "name": "prop_03",
                "pos": {
                    "x": 1.79,
                    "y": 0.5,
                    "z": 93.29
                },
                "scale": {
                    "x": 0.5,
                    "y": 0.5,
                    "z": 0.5
                },
                "r": 9.92
            },
            {
                "name": "prop_04",
                "pos": {
                    "x": -3.31,
                    "y": 0.56,
                    "z": 77.36
                },
                "scale": {
                    "x": 1.0,
                    "y": 1.0,
                    "z": 1.0
                },
                "r": 0.0
            },
            {
                "name": "prop_05",
                "pos": {
                    "x": 3.91,
                    "y": 0.46,
                    "z": 87.41
                },
                "scale": {
                    "x": 1.0,
                    "y": 1.0,
                    "z": 1.0
                },
                "r": 0.0
            },
            {
                "name": "prop_06",
                "pos": {
                    "x": -2.48,
                    "y": -0.5,
                    "z": 64.56
                },
                "scale": {
                    "x": 1.0,
                    "y": 1.0,
                    "z": 1.0
                },
                "r": 0.0
            },
            {
                "name": "prop_07",
                "pos": {
                    "x": 3.02,
                    "y": -0.5,
                    "z": 70.68
                },
                "scale": {
                    "x": 1.0,
                    "y": 1.0,
                    "z": 1.0
                },
                "r": 0.0
            },
            {
                "name": "prop_08",
                "pos": {
                    "x": 2.53,
                    "y": -0.5,
                    "z": 82.85
                },
                "scale": {
                    "x": 1.0,
                    "y": 1.0,
                    "z": 1.0
                },
                "r": 0.0
            },
            {
                "name": "prop_09",
                "pos": {
                    "x": 0.0,
                    "y": 0.11,
                    "z": 86.31
                },
                "scale": {
                    "x": 0.8,
                    "y": 0.8,
                    "z": 0.8
                },
                "r": 0.0
            },
            {
                "name": "prop_01",
                "pos": {
                    "x": -3.32,
                    "y": 0.41,
                    "z": 71.44
                },
                "scale": {
                    "x": 0.8,
                    "y": 0.8,
                    "z": 0.8
                },
                "r": 0.0
            },
            {
                "name": "prop_01",
                "pos": {
                    "x": 3.07,
                    "y": 0.37,
                    "z": 45.46
                },
                "scale": {
                    "x": 0.8,
                    "y": 0.8,
                    "z": 0.8
                },
                "r": 0.0
            },
            {
                "name": "prop_02",
                "pos": {
                    "x": 3.47,
                    "y": 0.12,
                    "z": 56.96
                },
                "scale": {
                    "x": 0.8,
                    "y": 0.8,
                    "z": 0.8
                },
                "r": 0.0
            },
            {
                "name": "prop_02",
                "pos": {
                    "x": 5.07,
                    "y": 0.08,
                    "z": 49.74
                },
                "scale": {
                    "x": 0.8,
                    "y": 0.8,
                    "z": 0.8
                },
                "r": 0.0
            },
            {
                "name": "prop_03",
                "pos": {
                    "x": -3.31,
                    "y": 0.48,
                    "z": 97.93
                },
                "scale": {
                    "x": 0.5,
                    "y": 0.5,
                    "z": 0.5
                },
                "r": 9.92
            },
            {
                "name": "prop_03",
                "pos": {
                    "x": 0.57,
                    "y": 0.36,
                    "z": 62.27
                },
                "scale": {
                    "x": 0.5,
                    "y": 0.5,
                    "z": 0.5
                },
                "r": 9.92
            },
            {
                "name": "prop_03",
                "pos": {
                    "x": -1.16,
                    "y": 0.5,
                    "z": 82.79
                },
                "scale": {
                    "x": 0.5,
                    "y": 0.5,
                    "z": 0.5
                },
                "r": 9.92
            },
            {
                "name": "prop_04",
                "pos": {
                    "x": 4.04,
                    "y": 0.42,
                    "z": 64.9
                },
                "scale": {
                    "x": 1.0,
                    "y": 1.0,
                    "z": 1.0
                },
                "r": 0.0
            },
            {
                "name": "prop_04",
                "pos": {
                    "x": -2.57,
                    "y": 0.46,
                    "z": 56.65
                },
                "scale": {
                    "x": 1.0,
                    "y": 1.0,
                    "z": 1.0
                },
                "r": 0.0
            },
            {
                "name": "prop_04",
                "pos": {
                    "x": -3.54,
                    "y": 0.41,
                    "z": 45.51
                },
                "scale": {
                    "x": 1.0,
                    "y": 1.0,
                    "z": 1.0
                },
                "r": 0.0
            },
            {
                "name": "prop_05",
                "pos": {
                    "x": 0.16,
                    "y": 0.59,
                    "z": 78.0
                },
                "scale": {
                    "x": 1.0,
                    "y": 1.0,
                    "z": 1.0
                },
                "r": 0.0
            },
            {
                "name": "prop_05",
                "pos": {
                    "x": -2.3,
                    "y": 0.41,
                    "z": 48.9
                },
                "scale": {
                    "x": 1.0,
                    "y": 1.0,
                    "z": 1.0
                },
                "r": 0.0
            },
            {
                "name": "prop_06",
                "pos": {
                    "x": -3.43,
                    "y": -0.5,
                    "z": 101.67
                },
                "scale": {
                    "x": 1.0,
                    "y": 1.0,
                    "z": 1.0
                },
                "r": 0.0
            },
            {
                "name": "prop_06",
                "pos": {
                    "x": 1.9,
                    "y": -0.5,
                    "z": 52.6
                },
                "scale": {
                    "x": 1.0,
                    "y": 1.0,
                    "z": 1.0
                },
                "r": 0.0
            },
            {
                "name": "prop_07",
                "pos": {
                    "x": -4.2,
                    "y": -0.5,
                    "z": 89.7
                },
                "scale": {
                    "x": 1.0,
                    "y": 1.0,
                    "z": 1.0
                },
                "r": 0.0
            },
            {
                "name": "prop_07",
                "pos": {
                    "x": 3.24,
                    "y": -0.5,
                    "z": 41.69
                },
                "scale": {
                    "x": 1.0,
                    "y": 1.0,
                    "z": 1.0
                },
                "r": 0.0
            },
            {
                "name": "prop_08",
                "pos": {
                    "x": -3.9,
                    "y": -0.5,
                    "z": 67.17
                },
                "scale": {
                    "x": 1.0,
                    "y": 1.0,
                    "z": 1.0
                },
                "r": 0.0
            },
            {
                "name": "prop_09",
                "pos": {
                    "x": 0.2,
                    "y": 0.07,
                    "z": 68.4
                },
                "scale": {
                    "x": 0.8,
                    "y": 0.8,
                    "z": 0.8
                },
                "r": 0.0
            },
            {
                "name": "prop_09",
                "pos": {
                    "x": 3.7,
                    "y": 0.11,
                    "z": 102.6
                },
                "scale": {
                    "x": 0.8,
                    "y": 0.8,
                    "z": 0.8
                },
                "r": 0.0
            },
            {
                "name": "prop_08",
                "pos": {
                    "x": 4.53,
                    "y": -0.5,
                    "z": 73.22
                },
                "scale": {
                    "x": 1.0,
                    "y": 1.0,
                    "z": 1.0
                },
                "r": 0.0
            },
            {
                "name": "prop_03",
                "pos": {
                    "x": -4.17,
                    "y": 0.41,
                    "z": 51.06
                },
                "scale": {
                    "x": 0.5,
                    "y": 0.5,
                    "z": 0.5
                },
                "r": 9.92
            },
            {
                "name": "prop_06",
                "pos": {
                    "x": 4.31,
                    "y": -0.5,
                    "z": 94.67
                },
                "scale": {
                    "x": 1.0,
                    "y": 1.0,
                    "z": 1.0
                },
                "r": 0.0
            },
            {
                "name": "prop_06",
                "pos": {
                    "x": 0.97,
                    "y": -0.5,
                    "z": 98.33
                },
                "scale": {
                    "x": 1.0,
                    "y": 1.0,
                    "z": 1.0
                },
                "r": 0.0
            },
            {
                "name": "prop_04",
                "pos": {
                    "x": -3.88,
                    "y": 0.48,
                    "z": 93.24
                },
                "scale": {
                    "x": 1.0,
                    "y": 1.0,
                    "z": 1.0
                },
                "r": 0.0
            },
            {
                "name": "prop_05",
                "pos": {
                    "x": -3.97,
                    "y": 0.52,
                    "z": 85.96
                },
                "scale": {
                    "x": 1.0,
                    "y": 1.0,
                    "z": 1.0
                },
                "r": 0.0
            },
            {
                "name": "prop_05",
                "pos": {
                    "x": 0.28,
                    "y": 0.51,
                    "z": 90.48
                },
                "scale": {
                    "x": 1.0,
                    "y": 1.0,
                    "z": 1.0
                },
                "r": 0.0
            },
            {
                "name": "prop_05",
                "pos": {
                    "x": -0.39,
                    "y": 0.47,
                    "z": 100.42
                },
                "scale": {
                    "x": 1.0,
                    "y": 1.0,
                    "z": 1.0
                },
                "r": 0.0
            },
            {
                "name": "prop_01",
                "pos": {
                    "x": -1.03,
                    "y": 0.37,
                    "z": 96.82
                },
                "scale": {
                    "x": 0.8,
                    "y": 0.8,
                    "z": 0.8
                },
                "r": 0.0
            }
        ]
    },
    {
        "name": "LevelEditor/G2",
        "models": [
            {
                "name": "prop_02",
                "pos": {
                    "x": 4.06,
                    "y": 0.09,
                    "z": 60.96
                },
                "scale": {
                    "x": 0.8,
                    "y": 0.8,
                    "z": 0.8
                },
                "r": 0.0
            },
            {
                "name": "prop_01",
                "pos": {
                    "x": -2.65,
                    "y": 0.38,
                    "z": 92.05
                },
                "scale": {
                    "x": 0.8,
                    "y": 0.8,
                    "z": 0.8
                },
                "r": 0.0
            },
            {
                "name": "prop_03",
                "pos": {
                    "x": -3.35,
                    "y": 0.5,
                    "z": 97.76
                },
                "scale": {
                    "x": 0.5,
                    "y": 0.5,
                    "z": 0.5
                },
                "r": 9.92
            },
            {
                "name": "prop_04",
                "pos": {
                    "x": -3.36,
                    "y": 0.56,
                    "z": 71.75
                },
                "scale": {
                    "x": 1.0,
                    "y": 1.0,
                    "z": 1.0
                },
                "r": 0.0
            },
            {
                "name": "prop_05",
                "pos": {
                    "x": 3.91,
                    "y": 0.46,
                    "z": 87.41
                },
                "scale": {
                    "x": 1.0,
                    "y": 1.0,
                    "z": 1.0
                },
                "r": 0.0
            },
            {
                "name": "prop_06",
                "pos": {
                    "x": 0.04,
                    "y": -0.5,
                    "z": 63.83
                },
                "scale": {
                    "x": 1.0,
                    "y": 1.0,
                    "z": 1.0
                },
                "r": 0.0
            },
            {
                "name": "prop_07",
                "pos": {
                    "x": 1.31,
                    "y": -0.5,
                    "z": 66.92
                },
                "scale": {
                    "x": 1.0,
                    "y": 1.0,
                    "z": 1.0
                },
                "r": 0.0
            },
            {
                "name": "prop_08",
                "pos": {
                    "x": 2.53,
                    "y": -0.5,
                    "z": 82.85
                },
                "scale": {
                    "x": 1.0,
                    "y": 1.0,
                    "z": 1.0
                },
                "r": 0.0
            },
            {
                "name": "prop_09",
                "pos": {
                    "x": 3.47,
                    "y": 0.11,
                    "z": 90.79
                },
                "scale": {
                    "x": 0.8,
                    "y": 0.8,
                    "z": 0.8
                },
                "r": 0.0
            },
            {
                "name": "prop_01",
                "pos": {
                    "x": 3.84,
                    "y": 0.41,
                    "z": 78.12
                },
                "scale": {
                    "x": 0.8,
                    "y": 0.8,
                    "z": 0.8
                },
                "r": 0.0
            },
            {
                "name": "prop_01",
                "pos": {
                    "x": -0.86,
                    "y": 0.37,
                    "z": 44.96
                },
                "scale": {
                    "x": 0.8,
                    "y": 0.8,
                    "z": 0.8
                },
                "r": 0.0
            },
            {
                "name": "prop_02",
                "pos": {
                    "x": 0.2,
                    "y": 0.12,
                    "z": 71.29
                },
                "scale": {
                    "x": 0.8,
                    "y": 0.8,
                    "z": 0.8
                },
                "r": 0.0
            },
            {
                "name": "prop_02",
                "pos": {
                    "x": -2.98,
                    "y": 0.08,
                    "z": 53.36
                },
                "scale": {
                    "x": 0.8,
                    "y": 0.8,
                    "z": 0.8
                },
                "r": 0.0
            },
            {
                "name": "prop_03",
                "pos": {
                    "x": -2.78,
                    "y": 0.48,
                    "z": 40.06
                },
                "scale": {
                    "x": 0.5,
                    "y": 0.5,
                    "z": 0.5
                },
                "r": 9.92
            },
            {
                "name": "prop_03",
                "pos": {
                    "x": -0.34,
                    "y": 0.36,
                    "z": 59.97
                },
                "scale": {
                    "x": 0.5,
                    "y": 0.5,
                    "z": 0.5
                },
                "r": 9.92
            },
            {
                "name": "prop_03",
                "pos": {
                    "x": -3.41,
                    "y": 0.5,
                    "z": 80.32
                },
                "scale": {
                    "x": 0.5,
                    "y": 0.5,
                    "z": 0.5
                },
                "r": 9.92
            },
            {
                "name": "prop_04",
                "pos": {
                    "x": 3.55,
                    "y": 0.42,
                    "z": 69.51
                },
                "scale": {
                    "x": 1.0,
                    "y": 1.0,
                    "z": 1.0
                },
                "r": 0.0
            },
            {
                "name": "prop_04",
                "pos": {
                    "x": 2.6,
                    "y": 0.46,
                    "z": 53.11
                },
                "scale": {
                    "x": 1.0,
                    "y": 1.0,
                    "z": 1.0
                },
                "r": 0.0
            },
            {
                "name": "prop_04",
                "pos": {
                    "x": -3.54,
                    "y": 0.41,
                    "z": 45.51
                },
                "scale": {
                    "x": 1.0,
                    "y": 1.0,
                    "z": 1.0
                },
                "r": 0.0
            },
            {
                "name": "prop_05",
                "pos": {
                    "x": -1.38,
                    "y": 0.59,
                    "z": 76.1
                },
                "scale": {
                    "x": 1.0,
                    "y": 1.0,
                    "z": 1.0
                },
                "r": 0.0
            },
            {
                "name": "prop_05",
                "pos": {
                    "x": 3.18,
                    "y": 0.41,
                    "z": 41.9
                },
                "scale": {
                    "x": 1.0,
                    "y": 1.0,
                    "z": 1.0
                },
                "r": 0.0
            },
            {
                "name": "prop_06",
                "pos": {
                    "x": -3.62,
                    "y": -0.5,
                    "z": 95.33
                },
                "scale": {
                    "x": 1.0,
                    "y": 1.0,
                    "z": 1.0
                },
                "r": 0.0
            },
            {
                "name": "prop_06",
                "pos": {
                    "x": 4.8,
                    "y": -0.5,
                    "z": 48.4
                },
                "scale": {
                    "x": 1.0,
                    "y": 1.0,
                    "z": 1.0
                },
                "r": 0.0
            },
            {
                "name": "prop_07",
                "pos": {
                    "x": 0.31,
                    "y": -0.5,
                    "z": 88.08
                },
                "scale": {
                    "x": 1.0,
                    "y": 1.0,
                    "z": 1.0
                },
                "r": 0.0
            },
            {
                "name": "prop_07",
                "pos": {
                    "x": -0.52,
                    "y": -0.5,
                    "z": 49.77
                },
                "scale": {
                    "x": 1.0,
                    "y": 1.0,
                    "z": 1.0
                },
                "r": 0.0
            },
            {
                "name": "prop_08",
                "pos": {
                    "x": -3.9,
                    "y": -0.5,
                    "z": 67.17
                },
                "scale": {
                    "x": 1.0,
                    "y": 1.0,
                    "z": 1.0
                },
                "r": 0.0
            },
            {
                "name": "prop_09",
                "pos": {
                    "x": -3.69,
                    "y": 0.07,
                    "z": 62.46
                },
                "scale": {
                    "x": 0.8,
                    "y": 0.8,
                    "z": 0.8
                },
                "r": 0.0
            },
            {
                "name": "prop_09",
                "pos": {
                    "x": 4.01,
                    "y": 0.11,
                    "z": 99.68
                },
                "scale": {
                    "x": 0.8,
                    "y": 0.8,
                    "z": 0.8
                },
                "r": 0.0
            },
            {
                "name": "prop_08",
                "pos": {
                    "x": -1.22,
                    "y": -0.5,
                    "z": 82.28
                },
                "scale": {
                    "x": 1.0,
                    "y": 1.0,
                    "z": 1.0
                },
                "r": 0.0
            },
            {
                "name": "prop_03",
                "pos": {
                    "x": -4.17,
                    "y": 0.41,
                    "z": 51.06
                },
                "scale": {
                    "x": 0.5,
                    "y": 0.5,
                    "z": 0.5
                },
                "r": 9.92
            },
            {
                "name": "prop_06",
                "pos": {
                    "x": 4.31,
                    "y": -0.5,
                    "z": 94.67
                },
                "scale": {
                    "x": 1.0,
                    "y": 1.0,
                    "z": 1.0
                },
                "r": 0.0
            },
            {
                "name": "prop_06",
                "pos": {
                    "x": 0.97,
                    "y": -0.5,
                    "z": 98.33
                },
                "scale": {
                    "x": 1.0,
                    "y": 1.0,
                    "z": 1.0
                },
                "r": 0.0
            },
            {
                "name": "prop_04",
                "pos": {
                    "x": 0.03,
                    "y": 0.48,
                    "z": 91.97
                },
                "scale": {
                    "x": 1.0,
                    "y": 1.0,
                    "z": 1.0
                },
                "r": 0.0
            },
            {
                "name": "prop_05",
                "pos": {
                    "x": -3.97,
                    "y": 0.52,
                    "z": 85.96
                },
                "scale": {
                    "x": 1.0,
                    "y": 1.0,
                    "z": 1.0
                },
                "r": 0.0
            },
            {
                "name": "prop_05",
                "pos": {
                    "x": -1.5,
                    "y": 0.51,
                    "z": 94.85
                },
                "scale": {
                    "x": 1.0,
                    "y": 1.0,
                    "z": 1.0
                },
                "r": 0.0
            },
            {
                "name": "prop_05",
                "pos": {
                    "x": -0.39,
                    "y": 0.47,
                    "z": 100.42
                },
                "scale": {
                    "x": 1.0,
                    "y": 1.0,
                    "z": 1.0
                },
                "r": 0.0
            }
        ]
    },
    {
        "name": "LevelEditor/G3",
        "models": [
            {
                "name": "prop_02",
                "pos": {
                    "x": 3.7,
                    "y": 0.09,
                    "z": 58.97
                },
                "scale": {
                    "x": 0.8,
                    "y": 0.8,
                    "z": 0.8
                },
                "r": 0.0
            },
            {
                "name": "prop_01",
                "pos": {
                    "x": -4.35,
                    "y": 0.38,
                    "z": 40.35
                },
                "scale": {
                    "x": 0.8,
                    "y": 0.8,
                    "z": 0.8
                },
                "r": 0.0
            },
            {
                "name": "prop_03",
                "pos": {
                    "x": -3.35,
                    "y": 0.5,
                    "z": 97.76
                },
                "scale": {
                    "x": 0.5,
                    "y": 0.5,
                    "z": 0.5
                },
                "r": 9.92
            },
            {
                "name": "prop_04",
                "pos": {
                    "x": -3.36,
                    "y": 0.56,
                    "z": 71.75
                },
                "scale": {
                    "x": 1.0,
                    "y": 1.0,
                    "z": 1.0
                },
                "r": 0.0
            },
            {
                "name": "prop_05",
                "pos": {
                    "x": 3.91,
                    "y": 0.46,
                    "z": 87.41
                },
                "scale": {
                    "x": 1.0,
                    "y": 1.0,
                    "z": 1.0
                },
                "r": 0.0
            },
            {
                "name": "prop_06",
                "pos": {
                    "x": 0.44,
                    "y": -0.5,
                    "z": 76.63
                },
                "scale": {
                    "x": 1.0,
                    "y": 1.0,
                    "z": 1.0
                },
                "r": 0.0
            },
            {
                "name": "prop_07",
                "pos": {
                    "x": -4.03,
                    "y": -0.5,
                    "z": 59.76
                },
                "scale": {
                    "x": 1.0,
                    "y": 1.0,
                    "z": 1.0
                },
                "r": 0.0
            },
            {
                "name": "prop_08",
                "pos": {
                    "x": 2.53,
                    "y": -0.5,
                    "z": 82.85
                },
                "scale": {
                    "x": 1.0,
                    "y": 1.0,
                    "z": 1.0
                },
                "r": 0.0
            },
            {
                "name": "prop_09",
                "pos": {
                    "x": 3.47,
                    "y": 0.11,
                    "z": 90.79
                },
                "scale": {
                    "x": 0.8,
                    "y": 0.8,
                    "z": 0.8
                },
                "r": 0.0
            },
            {
                "name": "prop_01",
                "pos": {
                    "x": 3.84,
                    "y": 0.41,
                    "z": 78.12
                },
                "scale": {
                    "x": 0.8,
                    "y": 0.8,
                    "z": 0.8
                },
                "r": 0.0
            },
            {
                "name": "prop_01",
                "pos": {
                    "x": -0.03,
                    "y": 0.37,
                    "z": 85.82
                },
                "scale": {
                    "x": 0.8,
                    "y": 0.8,
                    "z": 0.8
                },
                "r": 0.0
            },
            {
                "name": "prop_02",
                "pos": {
                    "x": 0.2,
                    "y": 0.12,
                    "z": 71.29
                },
                "scale": {
                    "x": 0.8,
                    "y": 0.8,
                    "z": 0.8
                },
                "r": 0.0
            },
            {
                "name": "prop_02",
                "pos": {
                    "x": -2.98,
                    "y": 0.08,
                    "z": 53.36
                },
                "scale": {
                    "x": 0.8,
                    "y": 0.8,
                    "z": 0.8
                },
                "r": 0.0
            },
            {
                "name": "prop_03",
                "pos": {
                    "x": -3.23,
                    "y": 0.48,
                    "z": 89.5
                },
                "scale": {
                    "x": 0.5,
                    "y": 0.5,
                    "z": 0.5
                },
                "r": 9.92
            },
            {
                "name": "prop_03",
                "pos": {
                    "x": -0.34,
                    "y": 0.36,
                    "z": 59.97
                },
                "scale": {
                    "x": 0.5,
                    "y": 0.5,
                    "z": 0.5
                },
                "r": 9.92
            },
            {
                "name": "prop_03",
                "pos": {
                    "x": -4.36,
                    "y": 0.5,
                    "z": 80.32
                },
                "scale": {
                    "x": 0.5,
                    "y": 0.5,
                    "z": 0.5
                },
                "r": 9.92
            },
            {
                "name": "prop_04",
                "pos": {
                    "x": 3.55,
                    "y": 0.42,
                    "z": 69.51
                },
                "scale": {
                    "x": 1.0,
                    "y": 1.0,
                    "z": 1.0
                },
                "r": 0.0
            },
            {
                "name": "prop_04",
                "pos": {
                    "x": 2.6,
                    "y": 0.46,
                    "z": 53.11
                },
                "scale": {
                    "x": 1.0,
                    "y": 1.0,
                    "z": 1.0
                },
                "r": 0.0
            },
            {
                "name": "prop_04",
                "pos": {
                    "x": 2.08,
                    "y": 0.4,
                    "z": 47.23
                },
                "scale": {
                    "x": 1.0,
                    "y": 1.0,
                    "z": 1.0
                },
                "r": 0.0
            },
            {
                "name": "prop_05",
                "pos": {
                    "x": -3.53,
                    "y": 0.59,
                    "z": 76.18
                },
                "scale": {
                    "x": 1.0,
                    "y": 1.0,
                    "z": 1.0
                },
                "r": 0.0
            },
            {
                "name": "prop_05",
                "pos": {
                    "x": -0.27,
                    "y": 0.41,
                    "z": 42.83
                },
                "scale": {
                    "x": 1.0,
                    "y": 1.0,
                    "z": 1.0
                },
                "r": 0.0
            },
            {
                "name": "prop_06",
                "pos": {
                    "x": -3.62,
                    "y": -0.5,
                    "z": 95.33
                },
                "scale": {
                    "x": 1.0,
                    "y": 1.0,
                    "z": 1.0
                },
                "r": 0.0
            },
            {
                "name": "prop_06",
                "pos": {
                    "x": 4.8,
                    "y": -0.5,
                    "z": 48.4
                },
                "scale": {
                    "x": 1.0,
                    "y": 1.0,
                    "z": 1.0
                },
                "r": 0.0
            },
            {
                "name": "prop_07",
                "pos": {
                    "x": -3.96,
                    "y": -0.5,
                    "z": 92.96
                },
                "scale": {
                    "x": 1.0,
                    "y": 1.0,
                    "z": 1.0
                },
                "r": 0.0
            },
            {
                "name": "prop_07",
                "pos": {
                    "x": -0.52,
                    "y": -0.5,
                    "z": 49.77
                },
                "scale": {
                    "x": 1.0,
                    "y": 1.0,
                    "z": 1.0
                },
                "r": 0.0
            },
            {
                "name": "prop_08",
                "pos": {
                    "x": -3.9,
                    "y": -0.5,
                    "z": 67.17
                },
                "scale": {
                    "x": 1.0,
                    "y": 1.0,
                    "z": 1.0
                },
                "r": 0.0
            },
            {
                "name": "prop_09",
                "pos": {
                    "x": 2.58,
                    "y": 0.07,
                    "z": 96.55
                },
                "scale": {
                    "x": 0.8,
                    "y": 0.8,
                    "z": 0.8
                },
                "r": 0.0
            },
            {
                "name": "prop_09",
                "pos": {
                    "x": -1.17,
                    "y": 0.11,
                    "z": 66.31
                },
                "scale": {
                    "x": 0.8,
                    "y": 0.8,
                    "z": 0.8
                },
                "r": 0.0
            },
            {
                "name": "prop_08",
                "pos": {
                    "x": 2.83,
                    "y": -0.5,
                    "z": 62.34
                },
                "scale": {
                    "x": 1.0,
                    "y": 1.0,
                    "z": 1.0
                },
                "r": 0.0
            },
            {
                "name": "prop_03",
                "pos": {
                    "x": -4.17,
                    "y": 0.41,
                    "z": 51.06
                },
                "scale": {
                    "x": 0.5,
                    "y": 0.5,
                    "z": 0.5
                },
                "r": 9.92
            },
            {
                "name": "prop_06",
                "pos": {
                    "x": 4.31,
                    "y": -0.5,
                    "z": 94.67
                },
                "scale": {
                    "x": 1.0,
                    "y": 1.0,
                    "z": 1.0
                },
                "r": 0.0
            },
            {
                "name": "prop_06",
                "pos": {
                    "x": 3.5,
                    "y": -0.5,
                    "z": 99.25
                },
                "scale": {
                    "x": 1.0,
                    "y": 1.0,
                    "z": 1.0
                },
                "r": 0.0
            },
            {
                "name": "prop_04",
                "pos": {
                    "x": 0.03,
                    "y": 0.48,
                    "z": 91.97
                },
                "scale": {
                    "x": 1.0,
                    "y": 1.0,
                    "z": 1.0
                },
                "r": 0.0
            },
            {
                "name": "prop_05",
                "pos": {
                    "x": -3.97,
                    "y": 0.52,
                    "z": 85.96
                },
                "scale": {
                    "x": 1.0,
                    "y": 1.0,
                    "z": 1.0
                },
                "r": 0.0
            },
            {
                "name": "prop_05",
                "pos": {
                    "x": -1.5,
                    "y": 0.51,
                    "z": 94.85
                },
                "scale": {
                    "x": 1.0,
                    "y": 1.0,
                    "z": 1.0
                },
                "r": 0.0
            },
            {
                "name": "prop_05",
                "pos": {
                    "x": -0.39,
                    "y": 0.47,
                    "z": 100.42
                },
                "scale": {
                    "x": 1.0,
                    "y": 1.0,
                    "z": 1.0
                },
                "r": 0.0
            },
            {
                "name": "prop_07",
                "pos": {
                    "x": -1.08,
                    "y": -0.5,
                    "z": 82.05
                },
                "scale": {
                    "x": 1.0,
                    "y": 1.0,
                    "z": 1.0
                },
                "r": 0.0
            }
        ]
    },
    {
        "name": "LevelEditor/G4",
        "models": [
            {
                "name": "prop_02",
                "pos": {
                    "x": 1.06,
                    "y": 0.09,
                    "z": 89.89
                },
                "scale": {
                    "x": 0.8,
                    "y": 0.8,
                    "z": 0.8
                },
                "r": 0.0
            },
            {
                "name": "prop_01",
                "pos": {
                    "x": -4.35,
                    "y": 0.38,
                    "z": 40.35
                },
                "scale": {
                    "x": 0.8,
                    "y": 0.8,
                    "z": 0.8
                },
                "r": 0.0
            },
            {
                "name": "prop_03",
                "pos": {
                    "x": -4.08,
                    "y": 0.5,
                    "z": 65.05
                },
                "scale": {
                    "x": 0.5,
                    "y": 0.5,
                    "z": 0.5
                },
                "r": 9.92
            },
            {
                "name": "prop_04",
                "pos": {
                    "x": -3.36,
                    "y": 0.56,
                    "z": 71.75
                },
                "scale": {
                    "x": 1.0,
                    "y": 1.0,
                    "z": 1.0
                },
                "r": 0.0
            },
            {
                "name": "prop_05",
                "pos": {
                    "x": 3.91,
                    "y": 0.46,
                    "z": 87.41
                },
                "scale": {
                    "x": 1.0,
                    "y": 1.0,
                    "z": 1.0
                },
                "r": 0.0
            },
            {
                "name": "prop_06",
                "pos": {
                    "x": 0.44,
                    "y": -0.5,
                    "z": 76.63
                },
                "scale": {
                    "x": 1.0,
                    "y": 1.0,
                    "z": 1.0
                },
                "r": 0.0
            },
            {
                "name": "prop_07",
                "pos": {
                    "x": -3.7,
                    "y": -0.5,
                    "z": 94.52
                },
                "scale": {
                    "x": 1.0,
                    "y": 1.0,
                    "z": 1.0
                },
                "r": 0.0
            },
            {
                "name": "prop_08",
                "pos": {
                    "x": 2.53,
                    "y": -0.5,
                    "z": 82.85
                },
                "scale": {
                    "x": 1.0,
                    "y": 1.0,
                    "z": 1.0
                },
                "r": 0.0
            },
            {
                "name": "prop_09",
                "pos": {
                    "x": 2.74,
                    "y": 0.11,
                    "z": 58.08
                },
                "scale": {
                    "x": 0.8,
                    "y": 0.8,
                    "z": 0.8
                },
                "r": 0.0
            },
            {
                "name": "prop_01",
                "pos": {
                    "x": 3.84,
                    "y": 0.41,
                    "z": 78.12
                },
                "scale": {
                    "x": 0.8,
                    "y": 0.8,
                    "z": 0.8
                },
                "r": 0.0
            },
            {
                "name": "prop_01",
                "pos": {
                    "x": -0.03,
                    "y": 0.37,
                    "z": 85.82
                },
                "scale": {
                    "x": 0.8,
                    "y": 0.8,
                    "z": 0.8
                },
                "r": 0.0
            },
            {
                "name": "prop_02",
                "pos": {
                    "x": -0.83,
                    "y": 0.12,
                    "z": 74.93
                },
                "scale": {
                    "x": 0.8,
                    "y": 0.8,
                    "z": 0.8
                },
                "r": 0.0
            },
            {
                "name": "prop_02",
                "pos": {
                    "x": -2.65,
                    "y": 0.08,
                    "z": 88.12
                },
                "scale": {
                    "x": 0.8,
                    "y": 0.8,
                    "z": 0.8
                },
                "r": 0.0
            },
            {
                "name": "prop_03",
                "pos": {
                    "x": -3.96,
                    "y": 0.48,
                    "z": 56.79
                },
                "scale": {
                    "x": 0.5,
                    "y": 0.5,
                    "z": 0.5
                },
                "r": 9.92
            },
            {
                "name": "prop_03",
                "pos": {
                    "x": -0.01,
                    "y": 0.36,
                    "z": 94.73
                },
                "scale": {
                    "x": 0.5,
                    "y": 0.5,
                    "z": 0.5
                },
                "r": 9.92
            },
            {
                "name": "prop_03",
                "pos": {
                    "x": -4.36,
                    "y": 0.5,
                    "z": 80.32
                },
                "scale": {
                    "x": 0.5,
                    "y": 0.5,
                    "z": 0.5
                },
                "r": 9.92
            },
            {
                "name": "prop_04",
                "pos": {
                    "x": 3.55,
                    "y": 0.42,
                    "z": 69.51
                },
                "scale": {
                    "x": 1.0,
                    "y": 1.0,
                    "z": 1.0
                },
                "r": 0.0
            },
            {
                "name": "prop_04",
                "pos": {
                    "x": 2.12,
                    "y": 0.46,
                    "z": 51.01
                },
                "scale": {
                    "x": 1.0,
                    "y": 1.0,
                    "z": 1.0
                },
                "r": 0.0
            },
            {
                "name": "prop_04",
                "pos": {
                    "x": 2.44,
                    "y": 0.4,
                    "z": 100.53
                },
                "scale": {
                    "x": 1.0,
                    "y": 1.0,
                    "z": 1.0
                },
                "r": 0.0
            },
            {
                "name": "prop_05",
                "pos": {
                    "x": -3.53,
                    "y": 0.59,
                    "z": 76.18
                },
                "scale": {
                    "x": 1.0,
                    "y": 1.0,
                    "z": 1.0
                },
                "r": 0.0
            },
            {
                "name": "prop_05",
                "pos": {
                    "x": -0.27,
                    "y": 0.41,
                    "z": 42.83
                },
                "scale": {
                    "x": 1.0,
                    "y": 1.0,
                    "z": 1.0
                },
                "r": 0.0
            },
            {
                "name": "prop_06",
                "pos": {
                    "x": -4.35,
                    "y": -0.5,
                    "z": 62.62
                },
                "scale": {
                    "x": 1.0,
                    "y": 1.0,
                    "z": 1.0
                },
                "r": 0.0
            },
            {
                "name": "prop_06",
                "pos": {
                    "x": 4.8,
                    "y": -0.5,
                    "z": 48.4
                },
                "scale": {
                    "x": 1.0,
                    "y": 1.0,
                    "z": 1.0
                },
                "r": 0.0
            },
            {
                "name": "prop_07",
                "pos": {
                    "x": -0.23,
                    "y": -0.5,
                    "z": 52.69
                },
                "scale": {
                    "x": 1.0,
                    "y": 1.0,
                    "z": 1.0
                },
                "r": 0.0
            },
            {
                "name": "prop_07",
                "pos": {
                    "x": 4.73,
                    "y": -0.5,
                    "z": 91.91
                },
                "scale": {
                    "x": 1.0,
                    "y": 1.0,
                    "z": 1.0
                },
                "r": 0.0
            },
            {
                "name": "prop_08",
                "pos": {
                    "x": -3.57,
                    "y": -0.5,
                    "z": 101.93
                },
                "scale": {
                    "x": 1.0,
                    "y": 1.0,
                    "z": 1.0
                },
                "r": 0.0
            },
            {
                "name": "prop_09",
                "pos": {
                    "x": -0.06,
                    "y": 0.07,
                    "z": 47.6
                },
                "scale": {
                    "x": 0.8,
                    "y": 0.8,
                    "z": 0.8
                },
                "r": 0.0
            },
            {
                "name": "prop_09",
                "pos": {
                    "x": -0.84,
                    "y": 0.11,
                    "z": 101.07
                },
                "scale": {
                    "x": 0.8,
                    "y": 0.8,
                    "z": 0.8
                },
                "r": 0.0
            },
            {
                "name": "prop_08",
                "pos": {
                    "x": 3.16,
                    "y": -0.5,
                    "z": 97.1
                },
                "scale": {
                    "x": 1.0,
                    "y": 1.0,
                    "z": 1.0
                },
                "r": 0.0
            },
            {
                "name": "prop_03",
                "pos": {
                    "x": 3.93,
                    "y": 0.41,
                    "z": 42.02
                },
                "scale": {
                    "x": 0.5,
                    "y": 0.5,
                    "z": 0.5
                },
                "r": 9.92
            },
            {
                "name": "prop_06",
                "pos": {
                    "x": 3.58,
                    "y": -0.5,
                    "z": 61.96
                },
                "scale": {
                    "x": 1.0,
                    "y": 1.0,
                    "z": 1.0
                },
                "r": 0.0
            },
            {
                "name": "prop_06",
                "pos": {
                    "x": 2.77,
                    "y": -0.5,
                    "z": 66.54
                },
                "scale": {
                    "x": 1.0,
                    "y": 1.0,
                    "z": 1.0
                },
                "r": 0.0
            },
            {
                "name": "prop_04",
                "pos": {
                    "x": -0.7,
                    "y": 0.48,
                    "z": 59.26
                },
                "scale": {
                    "x": 1.0,
                    "y": 1.0,
                    "z": 1.0
                },
                "r": 0.0
            },
            {
                "name": "prop_05",
                "pos": {
                    "x": -3.97,
                    "y": 0.52,
                    "z": 85.96
                },
                "scale": {
                    "x": 1.0,
                    "y": 1.0,
                    "z": 1.0
                },
                "r": 0.0
            },
            {
                "name": "prop_05",
                "pos": {
                    "x": -3.46,
                    "y": 0.51,
                    "z": 49.34
                },
                "scale": {
                    "x": 1.0,
                    "y": 1.0,
                    "z": 1.0
                },
                "r": 0.0
            },
            {
                "name": "prop_05",
                "pos": {
                    "x": 0.07,
                    "y": 0.47,
                    "z": 64.57
                },
                "scale": {
                    "x": 1.0,
                    "y": 1.0,
                    "z": 1.0
                },
                "r": 0.0
            },
            {
                "name": "prop_07",
                "pos": {
                    "x": -1.08,
                    "y": -0.5,
                    "z": 82.05
                },
                "scale": {
                    "x": 1.0,
                    "y": 1.0,
                    "z": 1.0
                },
                "r": 0.0
            },
            {
                "name": "prop_01",
                "pos": {
                    "x": -2.35,
                    "y": 0.37,
                    "z": 68.14
                },
                "scale": {
                    "x": 0.8,
                    "y": 0.8,
                    "z": 0.8
                },
                "r": 0.0
            }
        ]
    },
    {
        "name": "LevelEditor/G5",
        "models": [
            {
                "name": "Rock_03",
                "pos": {
                    "x": 0.0,
                    "y": 0.0,
                    "z": 0.0
                },
                "scale": {
                    "x": 1.0,
                    "y": 1.0,
                    "z": 1.0
                },
                "r": 0.0
            },
            {
                "name": "prop_06",
                "pos": {
                    "x": 8.66,
                    "y": 0.0,
                    "z": -9.4
                },
                "scale": {
                    "x": 1.0,
                    "y": 1.0,
                    "z": 1.0
                },
                "r": 297.8
            },
            {
                "name": "prop_07",
                "pos": {
                    "x": 2.47,
                    "y": 0.0,
                    "z": 11.54
                },
                "scale": {
                    "x": 1.0,
                    "y": 1.0,
                    "z": 1.0
                },
                "r": 0.0
            },
            {
                "name": "prop_07",
                "pos": {
                    "x": -13.6,
                    "y": 0.0,
                    "z": -4.09
                },
                "scale": {
                    "x": 1.0,
                    "y": 1.0,
                    "z": 1.0
                },
                "r": 281.43
            },
            {
                "name": "point",
                "pos": {
                    "x": 0.0,
                    "y": 0.0,
                    "z": -7.77
                },
                "scale": {
                    "x": 1.0,
                    "y": 1.0,
                    "z": 1.0
                },
                "r": 0.0
            },
            {
                "name": "point",
                "pos": {
                    "x": 4.31,
                    "y": 0.0,
                    "z": -7.77
                },
                "scale": {
                    "x": 1.0,
                    "y": 1.0,
                    "z": 1.0
                },
                "r": 0.0
            },
            {
                "name": "point",
                "pos": {
                    "x": 4.31,
                    "y": 0.0,
                    "z": -14.79
                },
                "scale": {
                    "x": 1.0,
                    "y": 1.0,
                    "z": 1.0
                },
                "r": 0.0
            },
            {
                "name": "point",
                "pos": {
                    "x": 12.78,
                    "y": 0.0,
                    "z": -11.28
                },
                "scale": {
                    "x": 1.0,
                    "y": 1.0,
                    "z": 1.0
                },
                "r": 0.0
            },
            {
                "name": "point",
                "pos": {
                    "x": 12.73,
                    "y": 0.0,
                    "z": -4.81
                },
                "scale": {
                    "x": 1.0,
                    "y": 1.0,
                    "z": 1.0
                },
                "r": 0.0
            },
            {
                "name": "point",
                "pos": {
                    "x": 12.03,
                    "y": 0.0,
                    "z": 4.72
                },
                "scale": {
                    "x": 1.0,
                    "y": 1.0,
                    "z": 1.0
                },
                "r": 0.0
            },
            {
                "name": "point",
                "pos": {
                    "x": 5.46,
                    "y": 0.0,
                    "z": 7.88
                },
                "scale": {
                    "x": 1.0,
                    "y": 1.0,
                    "z": 1.0
                },
                "r": 0.0
            },
            {
                "name": "point",
                "pos": {
                    "x": -6.27,
                    "y": 0.0,
                    "z": 8.93
                },
                "scale": {
                    "x": 1.0,
                    "y": 1.0,
                    "z": 1.0
                },
                "r": 0.0
            },
            {
                "name": "point",
                "pos": {
                    "x": -10.68,
                    "y": 0.0,
                    "z": 2.81
                },
                "scale": {
                    "x": 1.0,
                    "y": 1.0,
                    "z": 1.0
                },
                "r": 0.0
            },
            {
                "name": "point",
                "pos": {
                    "x": -17.6,
                    "y": 0.0,
                    "z": -0.95
                },
                "scale": {
                    "x": 1.0,
                    "y": 1.0,
                    "z": 1.0
                },
                "r": 0.0
            },
            {
                "name": "point",
                "pos": {
                    "x": -1.36,
                    "y": 0.0,
                    "z": -17.5
                },
                "scale": {
                    "x": 1.0,
                    "y": 1.0,
                    "z": 1.0
                },
                "r": 0.0
            },
            {
                "name": "point",
                "pos": {
                    "x": 16.84,
                    "y": 0.0,
                    "z": 1.23
                },
                "scale": {
                    "x": 1.0,
                    "y": 1.0,
                    "z": 1.0
                },
                "r": 0.0
            },
            {
                "name": "point",
                "pos": {
                    "x": 3.38,
                    "y": 0.0,
                    "z": 5.97
                },
                "scale": {
                    "x": 1.0,
                    "y": 1.0,
                    "z": 1.0
                },
                "r": 0.0
            },
            {
                "name": "point",
                "pos": {
                    "x": 3.38,
                    "y": 0.0,
                    "z": 5.97
                },
                "scale": {
                    "x": 1.0,
                    "y": 1.0,
                    "z": 1.0
                },
                "r": 0.0
            },
            {
                "name": "point",
                "pos": {
                    "x": 8.78,
                    "y": 0.0,
                    "z": 12.7
                },
                "scale": {
                    "x": 1.0,
                    "y": 1.0,
                    "z": 1.0
                },
                "r": 0.0
            },
            {
                "name": "point",
                "pos": {
                    "x": -5.56,
                    "y": 0.0,
                    "z": 14.19
                },
                "scale": {
                    "x": 1.0,
                    "y": 1.0,
                    "z": 1.0
                },
                "r": 0.0
            }
        ]
    },
    {
        "name": "LevelEditor/G6",
        "models": [
            {
                "name": "Rock_03",
                "pos": {
                    "x": -14.69,
                    "y": 0.0,
                    "z": 0.0
                },
                "scale": {
                    "x": 1.0,
                    "y": 1.0,
                    "z": 1.0
                },
                "r": 0.0
            },
            {
                "name": "prop_06",
                "pos": {
                    "x": 8.69,
                    "y": 0.0,
                    "z": -0.77
                },
                "scale": {
                    "x": 1.0,
                    "y": 1.0,
                    "z": 1.0
                },
                "r": 338.57
            },
            {
                "name": "prop_07",
                "pos": {
                    "x": -7.03,
                    "y": 0.0,
                    "z": -8.19
                },
                "scale": {
                    "x": 2.48,
                    "y": 1.0,
                    "z": 2.09
                },
                "r": 310.52
            },
            {
                "name": "prop_07",
                "pos": {
                    "x": -17.2,
                    "y": 0.0,
                    "z": -4.82
                },
                "scale": {
                    "x": 1.0,
                    "y": 1.0,
                    "z": 1.0
                },
                "r": 281.43
            },
            {
                "name": "point",
                "pos": {
                    "x": 11.65,
                    "y": 0.0,
                    "z": 7.31
                },
                "scale": {
                    "x": 1.0,
                    "y": 1.0,
                    "z": 1.0
                },
                "r": 0.0
            },
            {
                "name": "point",
                "pos": {
                    "x": 6.42,
                    "y": 0.0,
                    "z": 7.31
                },
                "scale": {
                    "x": 1.0,
                    "y": 1.0,
                    "z": 1.0
                },
                "r": 0.0
            },
            {
                "name": "point",
                "pos": {
                    "x": 2.86,
                    "y": 0.0,
                    "z": 10.92
                },
                "scale": {
                    "x": 1.0,
                    "y": 1.0,
                    "z": 1.0
                },
                "r": 0.0
            },
            {
                "name": "point",
                "pos": {
                    "x": -4.45,
                    "y": 0.0,
                    "z": 10.57
                },
                "scale": {
                    "x": 1.0,
                    "y": 1.0,
                    "z": 1.0
                },
                "r": 0.0
            },
            {
                "name": "point",
                "pos": {
                    "x": -8.35,
                    "y": 0.0,
                    "z": 6.96
                },
                "scale": {
                    "x": 1.0,
                    "y": 1.0,
                    "z": 1.0
                },
                "r": 0.0
            },
            {
                "name": "point",
                "pos": {
                    "x": 0.49,
                    "y": 0.0,
                    "z": -0.05
                },
                "scale": {
                    "x": 1.0,
                    "y": 1.0,
                    "z": 1.0
                },
                "r": 0.0
            },
            {
                "name": "point",
                "pos": {
                    "x": 1.28,
                    "y": 0.0,
                    "z": 5.33
                },
                "scale": {
                    "x": 1.0,
                    "y": 1.0,
                    "z": 1.0
                },
                "r": 0.0
            },
            {
                "name": "point",
                "pos": {
                    "x": -4.15,
                    "y": 0.0,
                    "z": -1.53
                },
                "scale": {
                    "x": 1.0,
                    "y": 1.0,
                    "z": 1.0
                },
                "r": 0.0
            },
            {
                "name": "point",
                "pos": {
                    "x": -1.88,
                    "y": 0.0,
                    "z": -4.74
                },
                "scale": {
                    "x": 1.0,
                    "y": 1.0,
                    "z": 1.0
                },
                "r": 0.0
            },
            {
                "name": "point",
                "pos": {
                    "x": 6.12,
                    "y": 0.0,
                    "z": -6.76
                },
                "scale": {
                    "x": 1.0,
                    "y": 1.0,
                    "z": 1.0
                },
                "r": 0.0
            },
            {
                "name": "point",
                "pos": {
                    "x": -13.49,
                    "y": 0.0,
                    "z": -9.48
                },
                "scale": {
                    "x": 1.0,
                    "y": 1.0,
                    "z": 1.0
                },
                "r": 0.0
            },
            {
                "name": "point",
                "pos": {
                    "x": 4.59,
                    "y": 0.0,
                    "z": -14.22
                },
                "scale": {
                    "x": 1.0,
                    "y": 1.0,
                    "z": 1.0
                },
                "r": 0.0
            },
            {
                "name": "point",
                "pos": {
                    "x": 11.11,
                    "y": 0.0,
                    "z": -9.28
                },
                "scale": {
                    "x": 1.0,
                    "y": 1.0,
                    "z": 1.0
                },
                "r": 0.0
            },
            {
                "name": "point",
                "pos": {
                    "x": 16.84,
                    "y": 0.0,
                    "z": -2.32
                },
                "scale": {
                    "x": 1.0,
                    "y": 1.0,
                    "z": 1.0
                },
                "r": 0.0
            },
            {
                "name": "point",
                "pos": {
                    "x": 0.69,
                    "y": 0.0,
                    "z": -17.48
                },
                "scale": {
                    "x": 1.0,
                    "y": 1.0,
                    "z": 1.0
                },
                "r": 0.0
            },
            {
                "name": "point",
                "pos": {
                    "x": -2.17,
                    "y": 0.0,
                    "z": -4.34
                },
                "scale": {
                    "x": 1.0,
                    "y": 1.0,
                    "z": 1.0
                },
                "r": 0.0
            },
            {
                "name": "point",
                "pos": {
                    "x": 5.73,
                    "y": 0.0,
                    "z": 1.93
                },
                "scale": {
                    "x": 1.0,
                    "y": 1.0,
                    "z": 1.0
                },
                "r": 0.0
            }
        ]
    },
    {
        "name": "LevelEditor/G7",
        "models": [
            {
                "name": "Rock_03",
                "pos": {
                    "x": 6.52,
                    "y": 0.0,
                    "z": 8.31
                },
                "scale": {
                    "x": 1.0,
                    "y": 1.0,
                    "z": 1.0
                },
                "r": 0.0
            },
            {
                "name": "prop_06",
                "pos": {
                    "x": 13.11,
                    "y": 0.0,
                    "z": -2.5
                },
                "scale": {
                    "x": 1.0,
                    "y": 1.0,
                    "z": 1.0
                },
                "r": 338.57
            },
            {
                "name": "prop_07",
                "pos": {
                    "x": 4.7,
                    "y": 0.3,
                    "z": -10.94
                },
                "scale": {
                    "x": 2.48,
                    "y": 1.0,
                    "z": 2.09
                },
                "r": 11.4
            },
            {
                "name": "prop_07",
                "pos": {
                    "x": -13.0,
                    "y": 0.0,
                    "z": 3.29
                },
                "scale": {
                    "x": 1.0,
                    "y": 1.0,
                    "z": 1.0
                },
                "r": 281.43
            },
            {
                "name": "point",
                "pos": {
                    "x": 5.73,
                    "y": 0.0,
                    "z": 1.93
                },
                "scale": {
                    "x": 1.0,
                    "y": 1.0,
                    "z": 1.0
                },
                "r": 0.0
            },
            {
                "name": "point",
                "pos": {
                    "x": 7.14,
                    "y": 0.0,
                    "z": -3.78
                },
                "scale": {
                    "x": 1.0,
                    "y": 1.0,
                    "z": 1.0
                },
                "r": 0.0
            },
            {
                "name": "point",
                "pos": {
                    "x": 11.24,
                    "y": 0.0,
                    "z": -8.15
                },
                "scale": {
                    "x": 1.0,
                    "y": 1.0,
                    "z": 1.0
                },
                "r": 0.0
            },
            {
                "name": "point",
                "pos": {
                    "x": 16.75,
                    "y": 0.0,
                    "z": -4.59
                },
                "scale": {
                    "x": 1.0,
                    "y": 1.0,
                    "z": 1.0
                },
                "r": 0.0
            },
            {
                "name": "point",
                "pos": {
                    "x": 15.81,
                    "y": 0.0,
                    "z": 4.95
                },
                "scale": {
                    "x": 1.0,
                    "y": 1.0,
                    "z": 1.0
                },
                "r": 0.0
            },
            {
                "name": "point",
                "pos": {
                    "x": -4.22,
                    "y": 0.0,
                    "z": 11.13
                },
                "scale": {
                    "x": 1.0,
                    "y": 1.0,
                    "z": 1.0
                },
                "r": 0.0
            },
            {
                "name": "point",
                "pos": {
                    "x": -14.03,
                    "y": 0.0,
                    "z": 6.56
                },
                "scale": {
                    "x": 1.0,
                    "y": 1.0,
                    "z": 1.0
                },
                "r": 0.0
            },
            {
                "name": "point",
                "pos": {
                    "x": -14.37,
                    "y": 0.0,
                    "z": -3.25
                },
                "scale": {
                    "x": 1.0,
                    "y": 1.0,
                    "z": 1.0
                },
                "r": 0.0
            },
            {
                "name": "point",
                "pos": {
                    "x": -7.72,
                    "y": 0.0,
                    "z": -0.97
                },
                "scale": {
                    "x": 1.0,
                    "y": 1.0,
                    "z": 1.0
                },
                "r": 0.0
            },
            {
                "name": "point",
                "pos": {
                    "x": -6.78,
                    "y": 0.0,
                    "z": -5.88
                },
                "scale": {
                    "x": 1.0,
                    "y": 1.0,
                    "z": 1.0
                },
                "r": 0.0
            },
            {
                "name": "point",
                "pos": {
                    "x": -7.72,
                    "y": 0.0,
                    "z": -15.02
                },
                "scale": {
                    "x": 1.0,
                    "y": 1.0,
                    "z": 1.0
                },
                "r": 0.0
            },
            {
                "name": "point",
                "pos": {
                    "x": 2.9,
                    "y": 0.0,
                    "z": -16.57
                },
                "scale": {
                    "x": 1.0,
                    "y": 1.0,
                    "z": 1.0
                },
                "r": 0.0
            },
            {
                "name": "point",
                "pos": {
                    "x": 9.62,
                    "y": 0.0,
                    "z": -13.95
                },
                "scale": {
                    "x": 1.0,
                    "y": 1.0,
                    "z": 1.0
                },
                "r": 0.0
            },
            {
                "name": "point",
                "pos": {
                    "x": -1.47,
                    "y": 0.0,
                    "z": -7.9
                },
                "scale": {
                    "x": 1.0,
                    "y": 1.0,
                    "z": 1.0
                },
                "r": 0.0
            },
            {
                "name": "point",
                "pos": {
                    "x": 3.44,
                    "y": 0.0,
                    "z": -7.09
                },
                "scale": {
                    "x": 1.0,
                    "y": 1.0,
                    "z": 1.0
                },
                "r": 0.0
            },
            {
                "name": "point",
                "pos": {
                    "x": -5.77,
                    "y": 0.0,
                    "z": -4.13
                },
                "scale": {
                    "x": 1.0,
                    "y": 1.0,
                    "z": 1.0
                },
                "r": 0.0
            },
            {
                "name": "point",
                "pos": {
                    "x": -1.27,
                    "y": 0.0,
                    "z": 3.2
                },
                "scale": {
                    "x": 1.0,
                    "y": 1.0,
                    "z": 1.0
                },
                "r": 0.0
            },
            {
                "name": "point",
                "pos": {
                    "x": -12.9,
                    "y": 0.0,
                    "z": -8.96
                },
                "scale": {
                    "x": 1.0,
                    "y": 1.0,
                    "z": 1.0
                },
                "r": 0.0
            },
            {
                "name": "point",
                "pos": {
                    "x": 14.58,
                    "y": 0.0,
                    "z": 0.78
                },
                "scale": {
                    "x": 1.0,
                    "y": 1.0,
                    "z": 1.0
                },
                "r": 0.0
            }
        ]
    }
]